codigo_escola,NO_ENTIDADE,codigo_municipio,rank_municipio,n_escolas_confiaveis_municipio,segmento_comercial,enem_media_geral,qtd_participantes_enem,indice_infra,QT_MAT_MED,score_destaque
23245573,MASTER COLEGIO,2304400,2,105,Desafiante (2º-5º local),748.7124324324325,37.0,5.0,132.0,0.9514
26534711,COLEGIO COGNITIVO,2611606,2,70,Desafiante (2º-5º local),736.4080303030303,132.0,5.0,433.0,0.9502
26118165,COLEGIO EQUIPE,2611606,3,70,Desafiante (2º-5º local),727.4376271186441,59.0,5.0,234.0,0.9485
23272430,ARI DE SA CAVALCANTE - ALDEOTA,2304400,3,105,Desafiante (2º-5º local),727.3330325814536,133.0,5.0,658.0,0.9482
33065403,COLEGIO SANTO AGOSTINHO,3304557,2,314,Desafiante (2º-5º local),715.884,125.0,5.0,436.0,0.9455
33188092,COLEGIO ALFA CEM BILINGUE,3304557,3,314,Desafiante (2º-5º local),715.3464,25.0,5.0,136.0,0.9451
33057206,INSTITUTO GAYLUSSAC - ENS FUNDAMENTAL E MEDIO,3303302,2,38,Desafiante (2º-5º local),713.3588000000001,100.0,5.0,300.0,0.9444
33176825,COLEGIO SANTO AGOSTINHO - UNIDADE INSTITUTO CULTURAL SANTO AGOSTINHO,3304557,4,314,Desafiante (2º-5º local),713.0410055865922,179.0,5.0,599.0,0.9442
33135371,COLEGIO CRUZEIRO - JACAREPAGUA,3304557,5,314,Desafiante (2º-5º local),706.7892473118279,93.0,5.0,309.0,0.9413
23077557,COLEGIO 7 DE SETEMBRO,2304400,4,105,Desafiante (2º-5º local),705.613156342183,113.0,5.0,406.0,0.941
32040040,COLEGIO PRIMEIRO MUNDO,3205309,2,16,Desafiante (2º-5º local),702.2151724137931,29.0,5.0,95.0,0.9394
29365023,COLEGIO OFICINA,2927408,2,79,Desafiante (2º-5º local),696.4232258064516,62.0,5.0,186.0,0.9361
32040032,CE LEONARDO DA VINCI,3205309,3,16,Desafiante (2º-5º local),695.9213333333333,50.0,5.0,219.0,0.9356
31193216,ESCOLA EDUCACAO CRIATIVA,3131307,2,8,Desafiante (2º-5º local),695.433933933934,111.0,5.0,339.0,0.9352
23071036,ARI DE SA CAVALCANTE - WASHINGTON SOARES,2304400,5,105,Desafiante (2º-5º local),694.94688172043,93.0,5.0,310.0,0.9346
31387860,COLEGIO MAGNUM AGOSTINIANO,3106200,2,88,Desafiante (2º-5º local),694.66,11.0,5.0,63.0,0.9343
25306936,ESCOLA INTERNACIONAL CIDADE VIVA,2507507,2,50,Desafiante (2º-5º local),694.507741935484,31.0,5.0,139.0,0.934
31006157,COLEGIO LOGOSOFICO GONZALEZ PECOTCHE,3106200,3,88,Desafiante (2º-5º local),693.8408888888889,45.0,5.0,150.0,0.9338
43104975,CENTRO DE ENSINO MEDIO FARROUPILHA - UNIDADE DE ENSINO COLEGIO FARROUPILHA,4314902,2,45,Desafiante (2º-5º local),692.887231638418,177.0,5.0,625.0,0.9327
32074964,COLEGIO SALESIANO JARDIM CAMBURI,3205309,4,16,Desafiante (2º-5º local),689.4235087719298,57.0,5.0,225.0,0.9306
26197405,COLEGIO EXIMIUS,2611606,4,70,Desafiante (2º-5º local),688.2833333333334,42.0,5.0,141.0,0.9294
35103524,DANTE ALIGHIERI COLEGIO,3550308,2,430,Desafiante (2º-5º local),686.9325276461295,211.0,5.0,863.0,0.9282
35143406,AUGUSTO LARANJA COLEGIO UNIDADE I,3550308,3,430,Desafiante (2º-5º local),686.9142857142857,21.0,5.0,109.0,0.9281
32041411,CENTRO DE ENSINO CHARLES DARWIN,3205309,5,16,Desafiante (2º-5º local),685.6892340425532,235.0,5.0,655.0,0.9268
31309711,ESCOLA SEB UNIMASTER,3106200,4,88,Desafiante (2º-5º local),685.5546153846154,26.0,5.0,69.0,0.9263
29200091,SARTRE ESCOLA SEB - ITAIGARA,2927408,3,79,Desafiante (2º-5º local),684.7899079754601,326.0,5.0,1096.0,0.9259
53013670,C EDUCACIONAL LEONARDO DA VINCI - UNIDADE TAGUATINGA,5300108,2,101,Desafiante (2º-5º local),683.7619366852887,179.0,5.0,547.0,0.9252
31369772,COLEGIO OLIMPO BH,3106200,5,88,Desafiante (2º-5º local),683.428,10.0,5.0,38.0,0.9247
43215050,COLEGIO BERTONI MED,4314902,3,45,Desafiante (2º-5º local),682.5307692307692,13.0,5.0,14.0,0.9241
26156202,MD EDUCACIONAL- COLEGIO MADRE DE DEUS UNIDADE II,2611606,5,70,Desafiante (2º-5º local),681.981037037037,135.0,5.0,450.0,0.9237
53020006,C EDUCACIONAL SIGMA - ASA NORTE,5300108,3,101,Desafiante (2º-5º local),680.6918181818181,88.0,5.0,330.0,0.9224
28017781,COLEGIO ARQUIDIOCESANO S CORACAO DE JESUS,2800308,2,43,Desafiante (2º-5º local),678.9244102564103,65.0,5.0,239.0,0.9208
35107190,NOSSA SENHORA DO ROSARIO COLEGIO,3550308,4,430,Desafiante (2º-5º local),678.1587878787878,66.0,5.0,295.0,0.9195
53015347,C EDUCACIONAL SIGMA AGUAS CLARAS,5300108,4,101,Desafiante (2º-5º local),677.5172151898735,79.0,5.0,238.0,0.9185
52034054,COLEGIO PROGRESSIVO,5208707,2,63,Desafiante (2º-5º local),677.0464978902953,79.0,5.0,263.0,0.9179
35120285,MIGUEL DE CERVANTES COLEGIO,3550308,5,430,Desafiante (2º-5º local),676.775707762557,73.0,5.0,395.0,0.9173
53001222,C EDUCACIONAL SIGMA,5300108,5,101,Desafiante (2º-5º local),675.3353333333333,90.0,5.0,368.0,0.916
24057126,COLEGIO SALESIANO SAO JOSE,2408102,2,44,Desafiante (2º-5º local),674.26,59.0,5.0,212.0,0.9147
28017943,COLEGIO AMADEUS LTDA,2800308,3,43,Desafiante (2º-5º local),674.2116104868915,89.0,5.0,253.0,0.9145
29487250,COLEGIO SAO PAULO,2927408,4,79,Desafiante (2º-5º local),673.1548917748918,77.0,5.0,361.0,0.9138
29422248,COLEGIO ANGLO BRASILEIRO,2927408,5,79,Desafiante (2º-5º local),673.0512820512821,39.0,5.0,115.0,0.9135
52034046,COLEGIO PREVEST,5208707,3,63,Desafiante (2º-5º local),670.8133064516129,124.0,5.0,490.0,0.9109
52089550,COLEGIO VISAO,5208707,4,63,Desafiante (2º-5º local),669.8071515151515,55.0,5.0,119.0,0.9096
35114832,PEQUENO PRINCIPE COLEGIO,3543402,2,34,Desafiante (2º-5º local),669.7211594202898,69.0,5.0,311.0,0.9094
43107494,CENTRO DE ENSINO MEDIO PASTOR DOHMS-UNIDADE DE ENSINO HIGIENOPOLIS,4314902,4,45,Desafiante (2º-5º local),669.5675757575757,66.0,5.0,252.0,0.9093
41352866,BOM JESUS DIVINA PROVIDENCIA COL EDUC INF ENS FUND E MEDIO,4106902,2,49,Desafiante (2º-5º local),669.1423188405797,69.0,5.0,246.0,0.909
31041262,COLEGIO ROBERTO CARNEIRO,3122306,2,9,Desafiante (2º-5º local),667.7692682926829,82.0,5.0,293.0,0.9065
35114960,COLEGIO SANTA URSULA DE RIBEIRAO PRETO,3543402,3,34,Desafiante (2º-5º local),667.2603389830508,59.0,5.0,257.0,0.9055
31291986,CENTRO EDUCACIONAL DIVINOPOLIS-ANGLO,3122306,3,9,Desafiante (2º-5º local),666.2406666666667,50.0,5.0,51.0,0.9033
22142622,GRUPO EDUCACIONAL CEV - UNIDADE KENNEDY,2211001,2,45,Desafiante (2º-5º local),664.868064516129,62.0,5.0,283.0,0.9006
43172440,COLEGIO LEONARDO DA VINCI- BETA,4314902,5,45,Desafiante (2º-5º local),664.4967857142857,56.0,5.0,170.0,0.8997
28018109,CURSO COLEGIO MODULO LTDA,2800308,4,43,Desafiante (2º-5º local),664.3465909090909,88.0,5.0,315.0,0.8994
28017757,COESI COLEGIO DE ORIENTACAO E ESTUDOS INTEGRADOS E ESCOLINHA DO RE MI EIRELI - EPP,2800308,5,43,Desafiante (2º-5º local),664.1664516129032,62.0,5.0,229.0,0.899
52086615,COLEGIO JAO LTDA,5208707,5,63,Desafiante (2º-5º local),660.721090909091,55.0,5.0,218.0,0.8934
22023658,EDUCANDARIO SANTA MARIA GORETTI,2211001,3,45,Desafiante (2º-5º local),659.1961904761905,21.0,5.0,109.0,0.8904
31361496,COLEGIO AUGE,3131703,2,5,Desafiante (2º-5º local),658.668,20.0,5.0,89.0,0.8891
35007022,COLEGIO OBJETIVO DE PIRACICABA,3538709,2,17,Desafiante (2º-5º local),657.6300483091787,69.0,5.0,266.0,0.8861
15567672,COLEGIO CEI,1501402,2,55,Desafiante (2º-5º local),657.4752941176471,34.0,5.0,103.0,0.886
43173390,COLEGIO SANTA MONICA ALTOS DO LARANJAL,4314407,2,9,Desafiante (2º-5º local),657.2893333333334,15.0,5.0,57.0,0.8857
31128058,INSTITUTO EDUCACIONAL SAO JOAO DA ESCOCIA,3151800,2,6,Desafiante (2º-5º local),657.0000865800866,77.0,5.0,298.0,0.8847
27218244,COLEGIO SANTA URSULA LTDA,2704302,2,59,Desafiante (2º-5º local),655.0511695906432,114.0,5.0,479.0,0.8799
31166332,COLEGIO MARISTA DIOCESANO,3170107,2,12,Desafiante (2º-5º local),655.0084552845528,41.0,5.0,131.0,0.8797
33155259,ISJB - COLEGIO SALESIANO REGIAO OCEANICA,3303302,3,38,Desafiante (2º-5º local),654.8534693877551,49.0,5.0,151.0,0.8792
35504324,ESCOLA SEB UNIDADE DE RIO PRETO,3549805,2,26,Desafiante (2º-5º local),653.9303225806451,62.0,5.0,184.0,0.8777
41131789,BOM JESUS SEMINARIO,4106902,3,49,Desafiante (2º-5º local),653.1320689655172,58.0,5.0,253.0,0.8755
31379794,ESCOLA SESI OSCAR MAGALHAES FERREIRA UNIDADE II,3105608,2,4,Desafiante (2º-5º local),653.1053731343284,67.0,5.0,250.0,0.8752
35137170,COLEGIO ANGLO ALANTE SAO JOSE DOS CAMPOS,3549904,2,22,Desafiante (2º-5º local),653.0790810810811,185.0,5.0,654.0,0.8751
35120637,PADRE ANCHIETA COLEGIO,3534401,2,26,Desafiante (2º-5º local),652.4505882352942,17.0,5.0,93.0,0.8733
22025391,ESCOLA DOM BOSCO,2211001,4,45,Desafiante (2º-5º local),651.9211111111111,18.0,5.0,54.0,0.8714
24057002,COLGIO CONTEMPORANEO,2408102,3,44,Desafiante (2º-5º local),651.2336,50.0,5.0,132.0,0.8697
35441995,FOUR C BILINGUAL ACADEMY,3506003,2,18,Desafiante (2º-5º local),650.7317647058824,17.0,5.0,86.0,0.8684
31249483,INST ITALO BRASILEIRO BICULTURAL,3144805,2,7,Desafiante (2º-5º local),650.6814285714285,14.0,5.0,180.0,0.8681
31305235,COL POTENCIA,3118304,2,4,Desafiante (2º-5º local),649.8050000000001,44.0,5.0,130.0,0.8666
41131673,COLEGIO BOM JESUS NOSSA SENHORA DE LOURDES ED INF ENS FUND E MEDIO,4106902,4,49,Desafiante (2º-5º local),649.5202522522522,185.0,5.0,695.0,0.8661
35112902,RIO BRANCO COLEGIO,3509502,2,37,Desafiante (2º-5º local),648.4338235294117,68.0,5.0,278.0,0.863
31170402,COL MARISTA CHAMPAGNAT,3170206,2,18,Desafiante (2º-5º local),648.3222222222222,18.0,5.0,112.0,0.8624
41033310,COLEGIO UNIVERSITARIO,4113700,2,19,Desafiante (2º-5º local),648.1809282700422,158.0,5.0,444.0,0.862
52020320,COLEGIO COUTO MAGALHAES,5201108,2,9,Desafiante (2º-5º local),647.4735294117646,34.0,5.0,219.0,0.8592
33147450,COLEGIO ANGLO AMERICANO,3306305,2,11,Desafiante (2º-5º local),647.0076923076923,13.0,5.0,96.0,0.8576
35388786,LICEU PORTINARI DE ENSINO MEDIO,3526902,2,15,Desafiante (2º-5º local),646.8820202020202,33.0,5.0,128.0,0.8573
41127722,COLEGIO BOM JESUS ED INFANTIL ENSINO FUNDAMENTAL E MEDIO SEDE,4106902,5,49,Desafiante (2º-5º local),646.758753894081,214.0,5.0,767.0,0.8572
24057061,COLEGIO EXECUTIVO LTDA,2408102,4,44,Desafiante (2º-5º local),646.538,20.0,5.0,83.0,0.8567
27227189,COLEGIO DE EDUCACAO BASICA SANTA ESMERALDA,2700300,2,15,Desafiante (2º-5º local),645.1627272727272,66.0,5.0,189.0,0.8538
29359287,COLEGIO PIRAMIDE,2919207,2,8,Desafiante (2º-5º local),644.3792592592594,27.0,5.0,121.0,0.8515
33165920,COLEGIO E CURSO PENSI,3303302,4,38,Desafiante (2º-5º local),758.8586206896553,29.0,4.0,277.0,0.8515
15167275,COLEGIO EQUIPE LTDA,1501402,3,55,Desafiante (2º-5º local),753.5191452991453,39.0,4.0,41.0,0.8513
15181081,COLEGIO INTEGRADO IN,1501402,4,55,Desafiante (2º-5º local),747.4823076923077,26.0,4.0,26.0,0.8509
26108585,COLEGIO DIVINO MESTRE,2607901,2,21,Desafiante (2º-5º local),644.2056,25.0,5.0,103.0,0.8508
23165901,COLEGIO MODULO,2307304,2,7,Desafiante (2º-5º local),644.0148666666666,100.0,5.0,280.0,0.85
33055947,COLEGIO SALESIANO SANTA ROSA,3303302,5,38,Desafiante (2º-5º local),643.9246987951807,83.0,5.0,316.0,0.8493
22027173,COLEGIO PROCAMPUS,2211001,5,45,Desafiante (2º-5º local),728.4292307692308,13.0,4.0,103.0,0.8483
35290804,ESCOLA SEB UNIDADE ALVARES CABRAL,3543402,4,34,Desafiante (2º-5º local),725.4759420289855,69.0,4.0,212.0,0.8477
25133012,COLEGIO VILA LTDA,2507507,3,50,Desafiante (2º-5º local),643.084347826087,69.0,5.0,250.0,0.8464
31353990,SISTEMA EDUCACIONAL BATISTA CASTRO,3136702,2,15,Desafiante (2º-5º local),642.9823529411765,17.0,5.0,49.0,0.8461
50030590,COLEGIO LUMIERE ENSINO FUNDAMENTAL,5003702,2,5,Desafiante (2º-5º local),717.234,20.0,4.0,54.0,0.8458
24083550,CENTRO DE EDUCACAO INTEGRADA ZONA SUL LTDA,2403251,2,13,Desafiante (2º-5º local),641.7656716417911,67.0,5.0,276.0,0.8429
25093096,COLEGIO PIO XI,2507507,4,50,Desafiante (2º-5º local),641.7004347826087,69.0,5.0,216.0,0.8425
29609607,COLEGIO PERFIL,2919207,3,8,Desafiante (2º-5º local),641.4872340425533,94.0,5.0,287.0,0.8417
41030095,PREMIER C - EI EF M,4113700,3,19,Desafiante (2º-5º local),641.3193220338984,59.0,5.0,189.0,0.8409
21273456,MAPLE BEAR SAO LUIS,2111300,2,44,Desafiante (2º-5º local),705.2384615384616,13.0,4.0,76.0,0.8406
35583224,COLEGIO COC,3548708,2,32,Desafiante (2º-5º local),701.9771428571429,14.0,4.0,14.0,0.839
31382655,COLEGIO GABARITO - UNIDADE II,3170107,3,12,Desafiante (2º-5º local),640.9443137254902,68.0,5.0,75.0,0.8388
51036169,COLEGIO IBERO AMERICANO,5103403,2,25,Desafiante (2º-5º local),701.0,17.0,4.0,79.0,0.8385
42000238,COLEGIO BOM JESUS CORACAO DE JESUS,4205407,2,26,Desafiante (2º-5º local),640.6637837837839,37.0,5.0,135.0,0.8382
35144216,PARTHENON COLEGIO,3518800,2,56,Desafiante (2º-5º local),640.626052631579,38.0,5.0,163.0,0.8377
24069191,CENTRO DE EDUCACAO INTEGRADA S A - ROMUALDO,2408102,5,44,Desafiante (2º-5º local),698.3012949640288,139.0,4.0,436.0,0.8374
35125982,COLEGIO PORTO ALVORADA ENSINO FUNDAMENTAL E MEDIO,3525300,2,9,Desafiante (2º-5º local),640.4224390243902,41.0,5.0,102.0,0.8368
43173217,ESCOLA DE ENSINO FUNDAMENTAL E MEDIO SANTA MONICA,4314407,3,9,Desafiante (2º-5º local),640.275,28.0,5.0,76.0,0.8359
35468400,CARBONELL COLEGIO,3518800,3,56,Desafiante (2º-5º local),695.3958024691359,27.0,4.0,95.0,0.8347
29093619,COLEGIO NOBRE DE FEIRA DE SANTANA,2910800,2,19,Desafiante (2º-5º local),639.3804615384615,130.0,5.0,432.0,0.8324
35138769,ASTHER COLEGIO,3509502,3,37,Desafiante (2º-5º local),639.3008333333333,24.0,5.0,72.0,0.8321
31354910,CENTRO EDUCACIONAL CAVE,3136702,3,15,Desafiante (2º-5º local),690.7852100840337,119.0,4.0,326.0,0.8314
31320536,SISTEMA APOIO DE ENSINO,3170107,4,12,Desafiante (2º-5º local),690.3314285714285,42.0,4.0,149.0,0.8311
31377953,COLEGIO INTEGRADO UBERABA,3170107,5,12,Desafiante (2º-5º local),638.1526923076924,52.0,5.0,271.0,0.8291
21009902,CENTRO EDUCACIONAL MONTESSORIANO REINO INFANTIL,2111300,3,44,Desafiante (2º-5º local),687.4187692307693,65.0,4.0,226.0,0.8285
13099981,CENTRO EDUCACIONAL LATO SENSU III,1302603,2,40,Desafiante (2º-5º local),686.99,38.0,4.0,172.0,0.8281
35154295,JEAN PIAGET UNIDADE II EEPG,3548500,2,28,Desafiante (2º-5º local),686.8668229166667,128.0,4.0,373.0,0.8276
33163863,GARRA VESTIBULARES ASS EDUCACIONAL LTDA - UNID 2,3306305,3,11,Desafiante (2º-5º local),686.4022857142858,35.0,4.0,126.0,0.8272
33439796,ANGLO AMERICANO ESCOLAS INTEGRADAS LTDA,3304201,2,8,Desafiante (2º-5º local),637.5083333333333,12.0,5.0,53.0,0.827
41358899,ST JAMES C - EI EF M,4113700,4,19,Desafiante (2º-5º local),637.5017283950617,27.0,5.0,197.0,0.8269
35431436,LICEU CONTEMPORANEO ENSINO MEDIO,3543402,5,34,Desafiante (2º-5º local),637.4346153846153,52.0,5.0,174.0,0.8266
51039877,COLEGIO SALESIANO SAO GONCALO - ESCOLA DE EDUCACAO BASICA,5103403,3,25,Desafiante (2º-5º local),637.3743169398907,183.0,5.0,558.0,0.8262
50016628,COLEGIO UNIGRAN,5003702,3,5,Desafiante (2º-5º local),637.2757575757577,77.0,5.0,309.0,0.8259
33188823,COLEGIO ESPACO VERDE,3306305,4,11,Desafiante (2º-5º local),636.6242105263158,19.0,5.0,73.0,0.8243
25133861,COLEGIO GGE,2507507,5,50,Desafiante (2º-5º local),681.137536231884,46.0,4.0,151.0,0.8228
41379110,PGD C - EI EF M,4113700,5,19,Desafiante (2º-5º local),635.9166666666667,34.0,5.0,191.0,0.8215
33032858,COLEGIO ARCOVERDE - UNIDADE MACEDO SOARES,3306305,5,11,Desafiante (2º-5º local),635.27125,32.0,5.0,121.0,0.8196
31193160,INST EDUC MAYRINK VIEIRA,3131307,3,8,Desafiante (2º-5º local),678.0533333333333,21.0,4.0,86.0,0.819
29470714,UNIDADE SESI FEIRA DE SANTANA,2910800,3,19,Desafiante (2º-5º local),635.0877192982456,114.0,5.0,517.0,0.8189
24003581,CPP - COLEGIO PRINCIPE,2408003,2,14,Desafiante (2º-5º local),634.9790476190476,42.0,5.0,118.0,0.8179
31324515,COLEGIO EQUIPE DE JUIZ DE FORA,3136702,4,15,Desafiante (2º-5º local),634.77,54.0,5.0,174.0,0.817
21010064,UPAON EDUCACIONAL LTDA,2111300,4,44,Desafiante (2º-5º local),634.2894444444444,72.0,5.0,283.0,0.8151
13025872,CENTRO EDUCACIONAL LATO SENSU,1302603,3,40,Desafiante (2º-5º local),674.6186363636364,88.0,4.0,315.0,0.8149
35480617,EMBRAER COLEGIO CASIMIRO MONTENEGRO FILHO,3507506,2,9,Desafiante (2º-5º local),674.4296202531646,79.0,4.0,241.0,0.8145
27037380,COLEGIO DINAMICO,2704302,3,59,Desafiante (2º-5º local),673.9772727272727,22.0,4.0,137.0,0.8139
12028835,COLEGIO LATO SENSU,1200401,2,9,Desafiante (2º-5º local),672.3068421052632,38.0,4.0,144.0,0.8125
35108145,MATER AMABILIS COLEGIO,3518800,4,56,Desafiante (2º-5º local),672.1314606741573,89.0,4.0,328.0,0.8122
35125441,EDUCATIVA INSTITUTO DE EDUCACAO E CULTURA,3548906,2,13,Desafiante (2º-5º local),669.8936,25.0,4.0,103.0,0.8094
29094046,ESCOLA CASTRO ALVES SC LTDA,2910800,4,19,Desafiante (2º-5º local),668.7646153846155,13.0,4.0,67.0,0.8075
35499067,INSPIRE COLEGIO,3549904,3,22,Desafiante (2º-5º local),666.4417021276596,47.0,4.0,222.0,0.8034
27224821,ALTERNATIVA ESCOLA DE EDUCACAO BASICA,2700300,3,15,Desafiante (2º-5º local),665.9827692307692,65.0,4.0,199.0,0.8021
31223883,COLEGIO ATENAS PASSOS,3147907,2,4,Desafiante (2º-5º local),665.362,20.0,4.0,105.0,0.8017
15561313,CENTRO EDUCACIONAL COLEGIO MONTE CASTELO,1504208,2,9,Desafiante (2º-5º local),629.7657861635221,53.0,5.0,167.0,0.8005
31041190,INST N SRA DO SAGRADO CORACAO,3122306,4,9,Desafiante (2º-5º local),664.5338461538462,13.0,4.0,78.0,0.7997
35152812,JANDYRA ANTUNES ROSA PROFESSORA COLEGIO,3526902,3,15,Desafiante (2º-5º local),629.2565217391304,23.0,5.0,85.0,0.7989
50015877,ESCOLA PRESBITERIANA ERASMO BRAGA,5003702,4,5,Desafiante (2º-5º local),628.7627868852459,61.0,5.0,288.0,0.7969
35159013,COLEGIO OBJETIVO DE RIO CLARO,3543907,2,7,Desafiante (2º-5º local),628.7387301587302,63.0,5.0,238.0,0.7966
21274231,D PEDRO II EMPREENDIMENTOS EDUCACIONAIS LTDA,2111300,5,44,Desafiante (2º-5º local),628.4592307692308,26.0,5.0,85.0,0.7959
52059383,COLEGIO ZENITE,5211503,2,4,Desafiante (2º-5º local),662.1175000000001,16.0,4.0,82.0,0.7957
31170461,COLEGIO RESSURREICAO NOSSA SENHORA,3170206,3,18,Desafiante (2º-5º local),661.9100000000001,10.0,4.0,29.0,0.7956
17055962,COLEGIO PRESBITERIANO MACKENZIE PALMAS,1721000,2,12,Desafiante (2º-5º local),628.40125,16.0,5.0,113.0,0.7954
11049073,COLEGIO SAPIENS - UNIDADE INTENSIVO,1100205,2,9,Desafiante (2º-5º local),628.2610810810811,37.0,5.0,73.0,0.795
31041025,ESCOLA SESI CORONEL JOVELINO RABELO,3122306,5,9,Desafiante (2º-5º local),627.4893333333333,25.0,5.0,85.0,0.7925
35170331,SAO CARLOS INSTITUTO EDUCACAO DE ENSINO FUNDAMENTAL E MEDIO,3548906,3,13,Desafiante (2º-5º local),660.3584,25.0,4.0,243.0,0.7922
31258393,ESCOLA SESI ORLANDO CHIARINI,3152501,2,9,Desafiante (2º-5º local),627.3039130434782,46.0,5.0,154.0,0.7915
31352195,COLEGIO GABARITO,3170206,4,18,Desafiante (2º-5º local),659.5858947368422,285.0,4.0,870.0,0.7909
27218180,SEB ESCOLAS DE ALTA PERFORMANCE LTDA,2704302,4,59,Desafiante (2º-5º local),626.685968992248,86.0,5.0,377.0,0.7903
35152729,PETROPOLIS COLEGIO,3548708,3,32,Desafiante (2º-5º local),659.2620792079208,101.0,4.0,309.0,0.7902
42015588,ESC BARAO DO RIO BRANCO,4202404,2,7,Desafiante (2º-5º local),626.6836815920398,67.0,5.0,371.0,0.7902
29480310,CENTRO EDUCACIONAL PLATAFORMA LTDA,2928703,2,6,Desafiante (2º-5º local),659.1446296296295,36.0,4.0,112.0,0.7896
35131945,GUILHERME DE ALMEIDA COLEGIO UNIDADE I,3518800,5,56,Desafiante (2º-5º local),626.4696774193549,31.0,5.0,95.0,0.7893
29472440,COLEGIO E CURSO GAUSS,2903201,2,6,Desafiante (2º-5º local),658.5865306122449,98.0,4.0,299.0,0.7883
33041130,COLEGIO BOM JESUS SAO JOSE,3303906,2,17,Desafiante (2º-5º local),626.2013793103448,29.0,5.0,135.0,0.7883
29342872,COLEGIO GENESIS,2910800,5,19,Desafiante (2º-5º local),658.4970666666667,75.0,4.0,256.0,0.7879
31354600,COLEGIO BATISTA MINEIRO - UNIDADE ALPHAVILLE NOVA LIMA,3144805,3,7,Desafiante (2º-5º local),657.9550877192983,19.0,4.0,108.0,0.7867
41099605,ALIANCA CEI EF M,4109401,2,9,Desafiante (2º-5º local),625.8157142857143,56.0,5.0,230.0,0.7867
42091578,COLEGIO EVANGELICO JARAGUA,4208906,2,6,Desafiante (2º-5º local),625.6751219512195,41.0,5.0,173.0,0.7858
43176852,CENTRO TECNOLOGICO UNIVERSIDADE CAXIAS DO SUL - UNIDADE DE ENSINO DE CAXIAS DO SUL,4305108,2,9,Desafiante (2º-5º local),625.6244444444444,183.0,5.0,648.0,0.7854
42000645,COLEGIO SANTA CATARINA,4205407,3,26,Desafiante (2º-5º local),625.164,25.0,5.0,99.0,0.7839
33009783,INST DOM BOSCO,3301009,2,15,Desafiante (2º-5º local),624.8458823529411,17.0,5.0,72.0,0.7834
26193957,COLEGIO GGE,2611101,2,10,Desafiante (2º-5º local),656.2808163265306,49.0,4.0,220.0,0.7831
31368520,CENTRO EDUCACIONAL EUROPA,3152501,3,9,Desafiante (2º-5º local),624.7514285714286,14.0,5.0,61.0,0.7831
31062235,INST DE EDUC E ENS POUSO ALEGRE,3152501,4,9,Desafiante (2º-5º local),656.1365714285714,35.0,4.0,112.0,0.7828
31220094,COL NACIONAL,3170206,5,18,Desafiante (2º-5º local),656.0348370927318,133.0,4.0,333.0,0.7823
35299789,ADV COLEGIO UNIDADE II,3525300,3,9,Desafiante (2º-5º local),655.5729411764705,34.0,4.0,158.0,0.7819
12010936,ESC CENTRO EDUCACIONAL E CULTURAL - META,1200401,3,9,Desafiante (2º-5º local),655.4070085470086,117.0,4.0,331.0,0.7818
31229865,C EDUC SAO TOMAS DE AQUINO,3144805,4,7,Desafiante (2º-5º local),655.3774999999999,24.0,4.0,85.0,0.7815
33031649,INSTITUTO SAO JOSE,3304201,3,8,Desafiante (2º-5º local),624.4893333333333,40.0,5.0,128.0,0.7815
15181456,COLEGIO IDEAL BATISTA CAMPOS,1501402,5,55,Desafiante (2º-5º local),624.4833333333333,195.0,5.0,505.0,0.7813
31014231,ESCOLA SESI BENJAMIN GUIMARAES,3118601,2,15,Desafiante (2º-5º local),624.1317424242424,88.0,5.0,263.0,0.7802
31014168,ESCOLA SESI ALVIMAR CARNEIRO DE REZENDE,3118601,3,15,Desafiante (2º-5º local),624.0758974358974,130.0,5.0,361.0,0.78
43043666,COLEGIO LA SALLE,4305108,3,9,Desafiante (2º-5º local),623.9843010752688,31.0,5.0,158.0,0.7797
35142612,SINGULAR COLEGIO,3548708,4,32,Desafiante (2º-5º local),653.1620454545455,88.0,4.0,261.0,0.7753
24003662,COLEGIO MENINO DEUS LTDA,2408003,3,14,Desafiante (2º-5º local),622.2292307692308,13.0,5.0,86.0,0.7749
35132780,CIDADE DE ARACATUBA COLEGIO,3502804,2,12,Desafiante (2º-5º local),653.0677419354838,31.0,4.0,96.0,0.7746
31180602,COLEGIO BATISTA DE VARGINHA,3170701,2,6,Desafiante (2º-5º local),652.9966037735849,53.0,4.0,227.0,0.7743
31127965,COL JESUS MARIA JOSE,3151800,3,6,Desafiante (2º-5º local),652.9084848484848,44.0,4.0,125.0,0.7737
35136098,EDUCAR INSTITUTO EDUCACIONAL,3530706,2,9,Desafiante (2º-5º local),621.64,13.0,5.0,66.0,0.7736
27226115,COLEGIO MARIA MONTESSORI,2704302,5,59,Desafiante (2º-5º local),652.4950684931507,73.0,4.0,254.0,0.7735
33168202,CENTRO EDUCACIONAL PRE UNIVERSITARIO,3300209,2,10,Desafiante (2º-5º local),652.3455319148936,47.0,4.0,105.0,0.7729
51094061,COLEGIO MAXI,5103403,4,25,Desafiante (2º-5º local),652.2927477477477,148.0,4.0,490.0,0.7727
41063309,COL PONTAGROSSENSE-EDUC INF ENS FUND ENS MED,4119905,2,10,Desafiante (2º-5º local),652.0256756756756,74.0,4.0,262.0,0.7717
31371696,COLEGIO UNIVERSITARIO,3148004,2,5,Desafiante (2º-5º local),621.0204347826086,46.0,5.0,184.0,0.771
31343781,COLEGIO VALE DO SAPUCAI,3152501,5,9,Desafiante (2º-5º local),651.6799074074074,72.0,4.0,261.0,0.7702
32076169,UP CENTRO EDUCACIONAL,3205200,2,19,Desafiante (2º-5º local),620.8458609794629,211.0,5.0,681.0,0.7702
13032020,LAVINIENSE ENSINO INTEGRADO E CE PINGO DE GENTE,1302603,4,40,Desafiante (2º-5º local),651.6761666666666,40.0,4.0,203.0,0.7701
35115265,SAO CARLOS COLEGIO,3548906,4,13,Desafiante (2º-5º local),620.8081818181819,22.0,5.0,65.0,0.77
35141367,OBJETIVO COLEGIO UNIDADE ALPHAVILLE,3547304,2,6,Desafiante (2º-5º local),620.4066666666666,106.0,5.0,388.0,0.7684
31385069,COLEGIO BATISTA NORTE MINEIRO - UNIDADE MELO,3143302,2,12,Desafiante (2º-5º local),620.21,22.0,5.0,90.0,0.7676
35140685,INTEGRAL APLICADO COLEGIO,3530706,3,9,Desafiante (2º-5º local),650.6031578947369,19.0,4.0,58.0,0.7676
35809445,CRIARTE COLEGIO,3525904,2,27,Desafiante (2º-5º local),650.109152542373,59.0,4.0,207.0,0.7666
42108764,COLEGIO DOM JAIME CAMARA,4216602,2,10,Desafiante (2º-5º local),649.9607547169811,53.0,4.0,175.0,0.7665
35114030,PURISSIMO CORACAO DE MARIA COLEGIO,3543907,3,7,Desafiante (2º-5º local),619.9744615384615,65.0,5.0,250.0,0.7662
33174881,INSTITUTO NOSSA SENHORA DA GLORIA RIO DAS OSTRAS - UNIDADE IV,3304524,2,14,Desafiante (2º-5º local),619.7860317460318,42.0,5.0,176.0,0.7652
32021828,COLEGIO CRISTO REI,3203205,2,4,Desafiante (2º-5º local),619.6028070175439,57.0,5.0,269.0,0.7646
51068931,ESCOLA AVANCE,5107958,2,4,Desafiante (2º-5º local),648.8316666666666,24.0,4.0,77.0,0.7638
52069052,COLEGIO ULBRA DE APLICACAO,5211503,3,4,Desafiante (2º-5º local),619.4255555555555,18.0,5.0,104.0,0.7638
24056278,PH3 CENTRO EDUCACIONAL,2403251,3,13,Desafiante (2º-5º local),619.3206896551724,29.0,5.0,131.0,0.7637
42000262,EDUCANDARIO IMACULADA CONCEICAO,4205407,4,26,Desafiante (2º-5º local),619.2287804878049,41.0,5.0,169.0,0.7633
41076290,COLEGIO EDUCACAO DINAMICA,4108304,2,11,Desafiante (2º-5º local),619.1652,50.0,5.0,222.0,0.7627
42116112,COLEGIO EXPONENCIAL,4204202,2,7,Desafiante (2º-5º local),618.888717948718,26.0,5.0,131.0,0.7621
35134259,CENTRO EDUCACIONAL OBJETIVO UNIDADE AQUARIUS,3549904,4,22,Desafiante (2º-5º local),618.8133333333333,47.0,5.0,151.0,0.7617
29433380,EPG - ESTABELECIMENTO PARTICULAR DE ENSINO LTDA,2933307,2,13,Desafiante (2º-5º local),647.905,20.0,4.0,99.0,0.7609
35150435,COLEGIO APICE,3525904,3,27,Desafiante (2º-5º local),647.876875,32.0,4.0,125.0,0.7608
51039010,CEMA - CENTRO EDUCACIONAL MARIA AUXILIADORA,5103403,5,25,Desafiante (2º-5º local),618.6066666666667,21.0,5.0,74.0,0.7608
35143297,BASIC COLEGIO,3554102,2,15,Desafiante (2º-5º local),618.466274509804,17.0,5.0,76.0,0.7602
35109010,COLEGIO BOM JESUS SAO JOSE,3548708,5,32,Desafiante (2º-5º local),618.44,16.0,5.0,74.0,0.7599
35809044,PARQUE ECOLOGICO INSTITUTO DE EDUCACAO,3520509,2,11,Desafiante (2º-5º local),647.2167741935484,62.0,4.0,231.0,0.7579
15577740,E E F M ALVORADA,1504208,3,9,Desafiante (2º-5º local),646.245625,32.0,4.0,112.0,0.7558
35109642,SESI 087 CENTRO EDUCACIONAL,3548500,3,28,Desafiante (2º-5º local),617.3921839080459,58.0,5.0,223.0,0.7558
33009694,COLEGIO EUCARISTICO,3301009,3,15,Desafiante (2º-5º local),617.1583333333334,28.0,5.0,145.0,0.7554
31361500,COLEGIO PROFESSOR ROBERTO HERBSTER GUSMAO,3167202,2,12,Desafiante (2º-5º local),616.9931782945736,43.0,5.0,198.0,0.755
26184834,COLEGIO MOTIVO CARUARU,2604106,2,13,Desafiante (2º-5º local),645.5318918918919,37.0,4.0,131.0,0.7542
25125672,COLEGIO ALICE COUTINHO LTDA,2504009,2,18,Desafiante (2º-5º local),616.8614814814814,54.0,5.0,182.0,0.7541
31123501,COLEGIO FONSECA RODRIGUES,3148004,3,5,Desafiante (2º-5º local),616.7077777777778,18.0,5.0,43.0,0.7537
33151369,ESCOLA BOM JESUS MENINO JESUS,3303906,3,17,Desafiante (2º-5º local),644.8837209302326,43.0,4.0,135.0,0.7531
11000058,CENTRO DE ENSINO CLASSE A,1100205,3,9,Desafiante (2º-5º local),644.6287222222222,120.0,4.0,357.0,0.7521
24089150,OVER COLEGIO E CURSO,2408003,4,14,Desafiante (2º-5º local),644.5565517241379,29.0,4.0,106.0,0.7519
31367710,COLEGIO SOLIDO - UNIDADE SAO JOSE,3143302,3,12,Desafiante (2º-5º local),644.3845679012346,54.0,4.0,118.0,0.7513
43210643,COLEGIO GABARITO CANOAS,4304606,2,7,Desafiante (2º-5º local),644.3430894308943,41.0,4.0,124.0,0.751
32074182,CENTRO DE ENSINO COLATINENSE DARWIN,3201506,2,3,Desafiante (2º-5º local),644.342,30.0,4.0,117.0,0.7509
29149894,COLEGIO SANTISSIMO SACRAMENTO,2900702,2,6,Desafiante (2º-5º local),615.7673239436621,71.0,5.0,215.0,0.7504
24086770,COLEGIO BATISTA VIDA NOVA,2403251,4,13,Desafiante (2º-5º local),615.6389743589745,13.0,5.0,54.0,0.7496
33145237,COLEGIO SAO JOAO BATISTA NOVA FRIBURGO,3303401,2,12,Desafiante (2º-5º local),721.1525,32.0,3.0,92.0,0.7494
33040516,COLEGIO IPIRANGA,3303906,4,17,Desafiante (2º-5º local),720.4641379310344,29.0,3.0,97.0,0.7493
35125659,AMERICANA INSTITUTO EDUCACIONAL DE,3501608,2,8,Desafiante (2º-5º local),643.9156345177665,197.0,4.0,648.0,0.7488
35432994,DOMUS SAPIENS COLEGIO UNIDADE II,3525904,4,27,Desafiante (2º-5º local),615.2446666666667,30.0,5.0,106.0,0.7486
21272921,INST EDUCACIONAL SUL MARANHENSE COC,2105302,2,9,Desafiante (2º-5º local),643.4172,25.0,4.0,90.0,0.7472
43123651,COLEGIO ANTONIO ALVES RAMOS,4316907,2,8,Desafiante (2º-5º local),614.8675675675676,37.0,5.0,120.0,0.7472
21092761,COMPLEXO EDUCACIONAL DOM BOSCO,2105302,3,9,Desafiante (2º-5º local),614.8595897435898,65.0,5.0,183.0,0.7471
31260908,COL IMPULSO,3167202,3,12,Desafiante (2º-5º local),714.0652631578947,19.0,3.0,59.0,0.7471
29178223,COLEGIO APOIO LTDA,2919207,4,8,Desafiante (2º-5º local),642.8469387755102,49.0,4.0,234.0,0.7454
33102830,EDUCANDARIO MIOSOTIS,3303401,3,12,Desafiante (2º-5º local),642.5907692307693,13.0,4.0,67.0,0.7448
35004369,COLEGIO PLANCK,3549904,5,22,Desafiante (2º-5º local),705.8138636363636,88.0,3.0,307.0,0.7436
41407423,COLEGIO BERTONI - ENSINO FUNDAMENTAL E MEDIO,4108304,3,11,Desafiante (2º-5º local),642.0170114942529,87.0,4.0,291.0,0.7436
33026424,COLEGIO ARARUAMA,3300209,3,10,Desafiante (2º-5º local),614.1598148148148,36.0,5.0,145.0,0.7433
35192399,COLEGIO ACADEMIA,3525300,4,9,Desafiante (2º-5º local),641.956,15.0,4.0,64.0,0.7433
31170216,COLEGIO BERLAAR SAGRADO CORACAO JESUS,3103504,2,6,Desafiante (2º-5º local),641.86,14.0,4.0,86.0,0.7429
29432359,SOCIEDADE CULTURAL E EDUC MIMOSO DO OESTE SC LTDA,2919553,2,4,Desafiante (2º-5º local),613.8888135593221,59.0,5.0,166.0,0.742
31350885,ESCOLA TECNICA DE FORMACAO GERENCIAL - UNIFEMM,3167202,4,12,Desafiante (2º-5º local),613.7569696969697,33.0,5.0,78.0,0.7408
35139178,COLEGIO ARBOS,3547809,2,33,Desafiante (2º-5º local),699.2955555555556,54.0,3.0,309.0,0.7405
31118346,COL STATUS,3147907,3,4,Desafiante (2º-5º local),641.186875,32.0,4.0,88.0,0.74
33156913,COOPERATIVA DE TRABALHO EDUCACIONAL CESAR ALMEIDA,3300100,2,11,Desafiante (2º-5º local),697.4046153846155,13.0,3.0,42.0,0.7395
33108617,SERVICO SOCIAL DA INDUSTRIA - SESI,3304904,2,28,Desafiante (2º-5º local),640.7074561403509,152.0,4.0,547.0,0.7381
33041105,COLEGIO BOM JESUS CANARINHOS,3303906,5,17,Desafiante (2º-5º local),640.6337037037038,54.0,4.0,164.0,0.7376
43038387,COLEGIO ESPIRITO SANTO,4304606,3,7,Desafiante (2º-5º local),612.4876595744681,47.0,5.0,200.0,0.7373
21226253,CE JOAO PAULO II,2100055,2,3,Desafiante (2º-5º local),612.3970370370371,18.0,5.0,73.0,0.7371
42103894,COLEGIO VILA OLIMPIA,4205407,5,26,Desafiante (2º-5º local),640.3953846153846,13.0,4.0,70.0,0.7362
41063015,COLEGIO POSITIVO MASTER - EDUCACAO INFANTIL ENSINO FUNDAMENTAL E MEDIO,4119905,3,10,Desafiante (2º-5º local),640.3889743589743,78.0,4.0,296.0,0.736
35113207,DIVINO SALVADOR COLEGIO,3525904,5,27,Desafiante (2º-5º local),640.2714492753623,46.0,4.0,140.0,0.7355
35165773,MULTIPLUS SCHOOL,3541406,2,11,Desafiante (2º-5º local),640.1169642857143,56.0,4.0,199.0,0.7346
52109585,COLEGIO COPE NEXUS FILIAL,5201108,3,9,Desafiante (2º-5º local),692.0964285714286,28.0,3.0,104.0,0.7346
41386329,ALDEIA DO SOL CEI EF M,4109401,3,9,Desafiante (2º-5º local),639.9945454545455,11.0,4.0,13.0,0.7343
24085081,EJAX - ENSINO DE JOVENS E ADULTOS TERESA DE LISIEUX,2403251,5,13,Desafiante (2º-5º local),611.471724137931,29.0,5.0,87.0,0.733
31377767,COLEGIO CESE - UNIDADE II,3131703,3,5,Desafiante (2º-5º local),611.425,16.0,5.0,108.0,0.7328
31367672,COLEGIO ELITE MASTER,3167202,5,12,Desafiante (2º-5º local),688.6693103448276,58.0,3.0,211.0,0.7322
31074331,COLEGIO VIANNA JUNIOR,3136702,5,15,Desafiante (2º-5º local),611.25875,16.0,5.0,92.0,0.7321
29451876,CENTRO EDUCACIONAL MARIA CARDOSO FERREIRA,2919553,3,4,Desafiante (2º-5º local),611.1827956989248,31.0,5.0,115.0,0.7318
29486696,CENTRO EDUCACIONAL OPCAO,2933307,3,13,Desafiante (2º-5º local),639.0511111111111,21.0,4.0,84.0,0.7314
33090734,COL JEAN PIAGET,3304904,3,28,Desafiante (2º-5º local),611.1238095238095,21.0,5.0,80.0,0.7312
41007808,CENTRO EDUC GLOBAL CEF M,4128104,2,8,Desafiante (2º-5º local),610.7871428571428,14.0,5.0,62.0,0.7299
24091260,COLEGIO SIMPLES,2408003,5,14,Desafiante (2º-5º local),684.7764285714285,28.0,3.0,127.0,0.7282
43101127,ESC DE ENS MEDIO IMACULADA CONCEICAO,4314407,4,9,Desafiante (2º-5º local),610.54125,16.0,5.0,43.0,0.7277
33043086,ESC GEORGE MARCH LTDA,3305802,2,8,Desafiante (2º-5º local),637.3611111111111,30.0,4.0,127.0,0.7257
26053861,COLEGIO SAGRADO CORACAO,2604106,3,13,Desafiante (2º-5º local),609.9235497835498,77.0,5.0,237.0,0.7254
33102708,SESI - SERVICO SOCIAL DA INDUSTRIA,3301702,2,21,Desafiante (2º-5º local),609.684647887324,142.0,5.0,426.0,0.7245
15168654,ESCOLA TECNICA VALE DOS CARAJAS,1505536,2,4,Desafiante (2º-5º local),609.6705263157895,38.0,5.0,154.0,0.7244
35151282,JARDIM DAS NACOES COLEGIO,3554102,3,15,Desafiante (2º-5º local),636.2642424242424,66.0,4.0,227.0,0.7219
35430146,MAPLE BEAR CANADIAN SCHOOL MOGI DAS CRUZES,3530607,2,23,Desafiante (2º-5º local),677.904,10.0,3.0,67.0,0.7216
12030058,ESC DE ENSINO MEDIO E TECNICO PLACIDO DE CASTRO,1200401,4,9,Desafiante (2º-5º local),635.9234782608695,46.0,4.0,161.0,0.7213
11049006,MAPLE BEAR PORTO VELHO,1100205,4,9,Desafiante (2º-5º local),608.7114285714285,14.0,5.0,93.0,0.7203
35004269,COLEGIO POLIEDRO,3509502,4,37,Desafiante (2º-5º local),676.85985428051,183.0,3.0,635.0,0.72
35802839,ARBOS COLEGIO UNIDADE MARECHAL DEODORO,3548807,2,10,Desafiante (2º-5º local),675.949918699187,41.0,3.0,174.0,0.7186
35439599,PARQUE ECOLOGICO INSTITUTO EDUCACIONAL,3520509,3,11,Desafiante (2º-5º local),675.1053333333333,60.0,3.0,217.0,0.7181
41072111,SANTA MARIA C EI F M,4104808,2,10,Desafiante (2º-5º local),608.0061788617886,41.0,5.0,190.0,0.7178
25213806,COLEGIO E CURSO PETRONIO FIGUEIREDO LTDA,2504009,3,18,Desafiante (2º-5º local),634.7988888888889,54.0,4.0,161.0,0.717
35123146,COLEGIO LUXON EIEFEM,3538709,3,17,Desafiante (2º-5º local),607.5857142857143,21.0,5.0,76.0,0.7162
31096253,COLEGIO BERLAAR IMACULADA CONCEICAO,3143302,4,12,Desafiante (2º-5º local),607.4144444444444,18.0,5.0,76.0,0.7155
29439833,CENTRO DE EDUCACAO MARIA CELINA,2925303,2,5,Desafiante (2º-5º local),634.3046153846153,13.0,4.0,67.0,0.7151
52090388,CENTRO EDUCACIONAL IMPACTO LTDA- COLEGIO EXITO,5211909,2,3,Desafiante (2º-5º local),634.2524999999999,24.0,4.0,89.0,0.7146
33166927,COLEGIO APROVADO,3302403,2,10,Desafiante (2º-5º local),671.885172413793,58.0,3.0,173.0,0.7145
35466761,ESQUEMA UNICO EDUCACIONAL DE PRESIDENTE PRUDENTE,3541406,3,11,Desafiante (2º-5º local),634.0464516129033,31.0,4.0,110.0,0.7138
35185619,ATOMO COLEGIO,3541406,4,11,Desafiante (2º-5º local),671.0804347826087,46.0,3.0,169.0,0.7136
29483123,ESCOLA SESI MILTON SANTOS,2905701,2,9,Desafiante (2º-5º local),606.8275,72.0,5.0,350.0,0.7135
35186260,REDE DE ENSINO NOVO TEMPO,3548500,4,28,Desafiante (2º-5º local),633.6993333333334,30.0,4.0,132.0,0.713
26193450,COLEGIO SANTA EMILIA,2607901,3,21,Desafiante (2º-5º local),606.539024390244,41.0,5.0,164.0,0.7129
32034377,COLEGIO CASTRO ALVES,3201308,2,6,Desafiante (2º-5º local),633.6989189189189,37.0,4.0,116.0,0.7129
32038720,ESCOLA SANTA ADAME,3205200,3,19,Desafiante (2º-5º local),633.6369230769232,13.0,4.0,62.0,0.7126
41024826,COLEGIO OBJETIVO UNIDADE MARINGA,4115200,2,18,Desafiante (2º-5º local),606.3405263157895,38.0,5.0,177.0,0.7123
50030469,COLEGIO DE ENSINO MEDIO NOVA GERACAO,5002704,2,28,Desafiante (2º-5º local),633.3979220779221,77.0,4.0,251.0,0.7116
41071417,IDEAL C EI F M,4104808,3,10,Desafiante (2º-5º local),606.244126984127,21.0,5.0,129.0,0.7114
35809159,OBJETIVO DE SAO JOSE DO RIO PRETO COLEGIO,3549805,3,26,Desafiante (2º-5º local),669.0973333333333,30.0,3.0,110.0,0.7111
33088780,CENTRO EDUCACIONAL PEREIRA ROCHA,3304904,4,28,Desafiante (2º-5º local),633.2328571428571,28.0,4.0,31.0,0.7108
35134417,EINSTEIN DE ENSINO ORGANIZACAO,3526902,4,15,Desafiante (2º-5º local),606.1610666666667,25.0,5.0,82.0,0.7108
25135430,CENTRO EDUCACIONAL META LTDA,2504009,4,18,Desafiante (2º-5º local),633.1771428571428,14.0,4.0,102.0,0.7106
52053261,INSTITUTO PRESBITERIANO SAMUEL GRAHAM,5211909,3,3,Desafiante (2º-5º local),632.89,26.0,4.0,102.0,0.71
35161123,RODIN COLEGIO,3520509,4,11,Desafiante (2º-5º local),668.1995555555555,45.0,3.0,203.0,0.7095
50007874,CENTRO DE ENS NOSSA SENHORA AUXILIADORA,5002704,3,28,Desafiante (2º-5º local),632.5905263157896,19.0,4.0,84.0,0.7091
33120544,COLEGIO E CURSO PENSI,3301009,4,15,Desafiante (2º-5º local),632.2663670411985,89.0,4.0,247.0,0.7082
29149860,COLEGIO DINAMO,2900702,3,6,Desafiante (2º-5º local),632.1979629629631,54.0,4.0,190.0,0.7078
33101612,CENTRO DE FORMACAO NOGUEIRA MINEIRO,3301702,3,21,Desafiante (2º-5º local),632.09,70.0,4.0,271.0,0.7074
32083343,SEB ESCOLAS DE ALTA PERFORMANCE S A,3205200,4,19,Desafiante (2º-5º local),631.7739215686274,102.0,4.0,372.0,0.7066
29433002,COOPERATIVA EDUCACIONAL DE BARREIRAS,2903201,3,6,Desafiante (2º-5º local),631.6961904761904,14.0,4.0,57.0,0.7065
35134326,COLEGIO PORTO BRAGANCA LTDA,3507605,2,10,Desafiante (2º-5º local),631.6187301587302,21.0,4.0,68.0,0.7063
35112951,CANDELARIA COLEGIO,3520509,5,11,Desafiante (2º-5º local),604.8179365079365,42.0,5.0,176.0,0.7063
35142682,INTERESCOLAR OBJETIVO UNIDADE GRANJA VIANA CENTRO,3513009,2,14,Desafiante (2º-5º local),631.4532051282051,52.0,4.0,226.0,0.7059
43216870,COLEGIO TOTEM SANTA MARIA,4316907,3,8,Desafiante (2º-5º local),666.1971428571428,21.0,3.0,83.0,0.7056
35141586,UIRAPURU COLEGIO,3552205,2,24,Desafiante (2º-5º local),666.151875,96.0,3.0,407.0,0.7055
43041647,COLEGIO MURIALDO,4305108,4,9,Desafiante (2º-5º local),604.585,16.0,5.0,116.0,0.7052
52099490,COLEGIO LIDER,5201405,2,16,Desafiante (2º-5º local),631.3025287356322,29.0,4.0,95.0,0.7047
41076087,CAESP,4108304,4,11,Desafiante (2º-5º local),604.5047368421052,38.0,5.0,159.0,0.7044
35137881,ATIBAIA COLEGIO INTEGRADO DE,3504107,2,11,Desafiante (2º-5º local),665.2660869565217,23.0,3.0,85.0,0.704
35116026,RESSURREICAO NOSSA SENHORA DO CALVARIO COLEGIO,3511102,2,8,Desafiante (2º-5º local),630.9456349206349,42.0,4.0,149.0,0.7036
22144412,CENTRO EDUCACIONAL CONTEXTO,2207702,2,11,Desafiante (2º-5º local),664.9772549019608,51.0,3.0,173.0,0.7031
35808076,COLEGIO JESUS ADOLESCENTE,3511102,3,8,Desafiante (2º-5º local),630.8366666666667,20.0,4.0,103.0,0.7031
35125436,SAPIENS CURSO E COLEGIO,3548906,5,13,Desafiante (2º-5º local),664.6179487179487,39.0,3.0,127.0,0.7025
35111867,INSTITUTO EDUCACAO CIENCIAS E LETRAS CENTRO,3552205,3,24,Desafiante (2º-5º local),603.8600333333334,100.0,5.0,397.0,0.7018
29328560,INSTITUTO FRANCISCO DE ASSIS,2931350,2,4,Desafiante (2º-5º local),603.7524324324324,37.0,5.0,153.0,0.7009
31244163,ESCOLA SESI ABILIO RODRIGUES PATTO,3127701,2,3,Desafiante (2º-5º local),629.9169230769231,52.0,4.0,184.0,0.7007
35004215,COESO EDUC,3549805,4,26,Desafiante (2º-5º local),663.5529411764705,17.0,3.0,72.0,0.7007
23246871,ARI DE SA CAVALCANTE - MARIO MAMEDE,2304400,1,105,Líder local,801.290625,32.0,5.0,106.0,0.953
35399197,OBJETIVO COLEGIO INTEGRADO,3550308,1,430,Líder local,763.9009523809524,42.0,5.0,160.0,0.9522
53020570,COL PODION ENS FUND E MEDIO,5300108,1,101,Líder local,743.7908333333334,184.0,5.0,517.0,0.9508
26189569,COLEGIO COGNITIVO,2611606,1,70,Líder local,736.5988571428571,70.0,5.0,305.0,0.9504
35286187,ETAPA COLEGIO,3556206,1,5,Líder local,734.5669230769231,130.0,5.0,416.0,0.9499
31354562,COLEGIO GABARITO,3170107,1,12,Líder local,733.8154838709677,31.0,5.0,283.0,0.9498
33062633,COL DE SAO BENTO,3304557,1,314,Líder local,728.5694117647059,68.0,5.0,207.0,0.9489
33055866,COLEGIO MARILIA MATTOSO,3303302,1,38,Líder local,728.492,10.0,5.0,80.0,0.9488
31004651,COLEGIO SANTO AGOSTINHO,3106200,1,88,Líder local,721.6742675159236,314.0,5.0,1070.0,0.9473
35173186,LICEU JARDIM,3547809,1,33,Líder local,717.7644827586207,174.0,5.0,596.0,0.9464
35805555,EMBRAER JUAREZ WANDERLEY COLEGIO,3549904,1,22,Líder local,715.7219607843138,153.0,5.0,475.0,0.9453
32041152,ESCOLA SAO DOMINGOS,3205309,1,16,Líder local,712.7585585585585,74.0,5.0,256.0,0.9439
22146636,BRIGHT SCHOOL,2211001,1,45,Líder local,711.664,10.0,5.0,87.0,0.9437
52020517,COLEGIO GALILEU,5201108,1,9,Líder local,710.7981609195402,58.0,5.0,211.0,0.9434
31333921,COLEGIO SANTO AGOSTINHO UNIDADE NOVA LIMA,3144805,1,7,Líder local,710.295303030303,88.0,5.0,351.0,0.9428
50032895,COLEGIO UNIGRAN - UNIDADE II,5003702,1,5,Líder local,708.71,16.0,5.0,16.0,0.9422
15103080,GRUPO FUTURO EDUCACIONAL MARABA,1504208,1,9,Líder local,708.6123076923076,13.0,5.0,92.0,0.9421
41148142,COLEGIO DO BOSQUE MANANCIAIS,4106902,1,49,Líder local,703.096,20.0,5.0,80.0,0.9399
31193097,COLEGIO SAO FRANCISCO XAVIER - CARIRU,3131307,1,8,Líder local,702.7575438596491,114.0,5.0,355.0,0.9397
35449003,FAAP RIBEIRAO PRETO COLEGIO,3543402,1,34,Líder local,701.7197027600849,157.0,5.0,484.0,0.9391
25097539,COLEGIO E CURSO EVOLUCAO,2507507,1,50,Líder local,701.570786516854,89.0,5.0,249.0,0.939
31339989,INSTITUTO EDUCACIONAL MARGARIDA REZENDE,3118304,1,4,Líder local,700.5133333333334,15.0,5.0,54.0,0.9387
31014061,COLEGIO SANTO AGOSTINHO-UNIDADE CONTAGEM,3118601,1,15,Líder local,697.7963636363636,77.0,5.0,252.0,0.9375
28032322,CENTRO DE EXCELENCIA MASTER,2800308,1,43,Líder local,697.7100694444445,192.0,5.0,691.0,0.9374
43173330,COL JOAO PAULO I - UNIDADE SUL,4314902,1,45,Líder local,697.0964705882352,34.0,5.0,163.0,0.9368
29422272,CENTRO EDUCACIONAL VILLA LOBOS,2927408,1,79,Líder local,696.9911538461539,52.0,5.0,195.0,0.9365
35115712,RAUL BAUAB DOUTOR FUNDACAO EDUCACIONAL COLEGIO,3525300,1,9,Líder local,696.8872222222221,36.0,5.0,115.0,0.9364
27220885,COLEGIO CONTATO MACEIO,2704302,1,59,Líder local,695.4914649681529,157.0,5.0,496.0,0.9355
52103137,COLEGIO ARENA,5208707,1,63,Líder local,695.3573529411765,340.0,5.0,1403.0,0.9349
32038178,CENTRO DE ENSINO CHARLES DARWIN,3205200,1,19,Líder local,695.2004964539007,94.0,5.0,330.0,0.9348
29480620,CENTRO EDUCACIONAL VILLA LOBOS,2905701,1,9,Líder local,694.376923076923,13.0,5.0,83.0,0.9339
31184331,COLEGIO SAGRADO CORACAO DE MARIA,3169901,1,4,Líder local,689.2266666666666,24.0,5.0,89.0,0.9303
35142967,COLEGIO ENGENHEIRO SALVADOR ARENA,3548708,1,32,Líder local,688.7268421052632,190.0,5.0,620.0,0.9301
15168344,COLEGIO EQUIPE CRISTAL,1501402,1,55,Líder local,686.5726315789474,57.0,5.0,203.0,0.9278
35112513,PROGRESSO CAMPINEIRO COLEGIO,3509502,1,37,Líder local,685.6673333333333,30.0,5.0,126.0,0.9265
29530210,SARTRE ESCOLA SEB - MONET,2919207,1,8,Líder local,684.7009248554913,173.0,5.0,680.0,0.9256
24057169,FACEX,2408102,1,44,Líder local,684.2877777777777,48.0,5.0,170.0,0.9255
31041181,ESCOLA TECNICA DE DIVINOPOLIS-INTEGRAL,3122306,1,9,Líder local,684.0209677419356,62.0,5.0,214.0,0.9253
35133115,COLEGIO PARTHENON BOM CLIMA,3518800,1,56,Líder local,683.0055384615384,65.0,5.0,197.0,0.9244
35113852,LUIZ DE QUEIROZ COLEGIO,3538709,1,17,Líder local,680.6035842293907,93.0,5.0,376.0,0.9223
35135288,COLEGIO ANGLO LEONARDO DA VINCI,3534401,1,26,Líder local,679.0827586206897,29.0,5.0,140.0,0.9212
32036671,ESCOLA MULTIPLA,3205002,1,8,Líder local,678.7405263157895,38.0,5.0,168.0,0.9205
43216471,UNIDADE DE ENSINO COLEGIO SINODAL PRADO GRAVATAI,4309209,1,4,Líder local,677.8218181818182,11.0,5.0,64.0,0.9189
43175317,SOCIEDADE EDUCACIONAL MARIO QUINTANA LTDA,4314407,1,9,Líder local,677.7008108108108,74.0,5.0,213.0,0.9186
31105899,COLEGIO COMERCIAL ITABIRANO,3131703,1,5,Líder local,676.6232558139535,43.0,5.0,165.0,0.9172
31128031,COLEGIO SETE DE SETEMBRO,3151800,1,6,Líder local,672.2513178294574,86.0,5.0,284.0,0.9126
31166103,COLEGIO SAO DOMINGOS,3104007,1,4,Líder local,671.9457142857143,28.0,5.0,159.0,0.9124
24281301,COLEGIO SALESIANO DOM BOSCO,2403251,1,13,Líder local,670.1100262467191,127.0,5.0,452.0,0.9102
51036215,COLEGIO NOTRE DAME DE LOURDES,5103403,1,25,Líder local,669.5498305084747,59.0,5.0,343.0,0.9091
35121307,COLEGIO ANGLO CIDADE DE SAO CARLOS - UNIDADE I,3548906,1,13,Líder local,667.7554838709677,31.0,5.0,138.0,0.9064
22014543,COLEGIO NOSSA SENHORA DAS GRACAS,2207702,1,11,Líder local,667.5824,50.0,5.0,201.0,0.9061
21010331,COLEGIO DOM BOSCO LTDA,2111300,1,44,Líder local,666.5224836601308,51.0,5.0,216.0,0.9039
35109708,CARMO COLEGIO,3548500,1,28,Líder local,666.3104402515722,53.0,5.0,166.0,0.9035
35153163,PENTAGONO COLEGIO UNIDADE ALPHAVILLE,3547304,1,6,Líder local,665.1560975609757,41.0,5.0,152.0,0.9013
42016142,COLEGIO BOM JESUS SANTO ANTONIO,4202404,1,7,Líder local,665.0074380165289,121.0,5.0,456.0,0.901
31328294,COLEGIO UNIVERSITARIO PROFESSOR CANISIO IGNACIO LUNKES,3138203,1,5,Líder local,664.5039215686274,51.0,5.0,146.0,0.8998
33447250,COLEGIO INTERATIVO ENSINO MEDIO,3306305,1,11,Líder local,664.2507291666667,64.0,5.0,192.0,0.8991
35006599,COLEGIO CHAMINADE,3506003,1,18,Líder local,663.8420000000001,30.0,5.0,122.0,0.8988
41151844,SANTO ANGELO E - EI EF,4119905,1,10,Líder local,663.2397530864197,27.0,5.0,128.0,0.8979
31018864,CENTRO DE EDUCACAO ANGHER,3105608,1,4,Líder local,661.0516666666666,12.0,5.0,58.0,0.8942
31239666,COLEGIO NACIONAL DO ENSINO MEDIO DE ARAGUARI,3103504,1,6,Líder local,660.6258064516129,31.0,5.0,107.0,0.8931
23165952,PARAISO SS LTDA COLEGIO,2307304,1,7,Líder local,659.1854700854701,117.0,5.0,488.0,0.8902
31294900,COL DEL REY,3147907,1,4,Líder local,658.864705882353,17.0,5.0,48.0,0.8893
35123675,PRUDENTE DE MORAES COLEGIO,3545209,1,4,Líder local,658.5576190476191,42.0,5.0,150.0,0.8883
33025673,PENSI CASULO RIO DAS OSTRAS,3304524,1,14,Líder local,657.0870042194093,79.0,5.0,222.0,0.8851
35188712,VEM SER COLEGIO,3549805,1,26,Líder local,656.7729411764706,17.0,5.0,82.0,0.8843
35143613,CENTRO EDUCACIONAL INTERATIVO CATANDUVA,3511102,1,8,Líder local,656.6426666666666,15.0,5.0,115.0,0.8841
26175240,EVOLUCAO CENTRO EDUCACIONAL LTDA,2607901,1,21,Líder local,656.5963157894737,38.0,5.0,154.0,0.884
35813000,COLEGIO RENOVACAO ANGLO INDAIATUBA,3520509,1,11,Líder local,656.4562025316455,79.0,5.0,299.0,0.8837
35141434,ESCOLA SEB THATHI,3502804,1,12,Líder local,656.1348484848485,66.0,5.0,255.0,0.8829
33039976,AESVP COLEGIO VICENTINO SANTA ISABEL,3303906,1,17,Líder local,655.9252380952381,42.0,5.0,123.0,0.8825
31074471,ESCOLA SESI GRANBERY,3136702,1,15,Líder local,655.5794736842105,38.0,5.0,162.0,0.8824
13031767,FUNDACAO MATIAS MACHLINE,1302603,1,40,Líder local,655.153127753304,227.0,5.0,688.0,0.8805
35172959,DIVINO SALVADOR COLEGIO ITU,3523909,1,9,Líder local,655.1454838709678,62.0,5.0,220.0,0.8802
24001260,COLEGIO DIOCESANO SANTA LUZIA,2408003,1,14,Líder local,653.5821052631579,133.0,5.0,383.0,0.877
35111466,SANTA MARCELINA COLEGIO,3507506,1,9,Líder local,653.3533333333334,24.0,5.0,86.0,0.8765
41032039,MAXI C - EI EF,4113700,1,19,Líder local,651.8241666666667,80.0,5.0,289.0,0.8711
15066886,E PART E I F M INST NSRA DOS ANJOS,1500107,1,4,Líder local,651.8005714285714,35.0,5.0,117.0,0.871
29353556,ESCOLA MONTEIRO LOBATO SC LTDA,2903201,1,6,Líder local,651.4105263157895,19.0,5.0,67.0,0.8698
42028990,COLEGIO BOM JESUS DIOCESANO,4209300,1,5,Líder local,650.9183333333333,40.0,5.0,165.0,0.869
31123536,COLEGIO NOSSA SENHORA DAS GRACAS,3148004,1,5,Líder local,650.7261728395061,27.0,5.0,118.0,0.8682
35144502,ANGLO CEZANNE COLEGIO,3501608,1,8,Líder local,650.4125925925925,27.0,5.0,106.0,0.8672
26053837,COLEGIO DIOCESANO DE CARUARU,2604106,1,13,Líder local,649.573076923077,104.0,5.0,376.0,0.8662
31260541,COLLEGIUM PRISMA,3143302,1,12,Líder local,649.4775418994413,179.0,5.0,509.0,0.8659
35113426,SAO JOSE COLEGIO,3526902,1,15,Líder local,649.373076923077,26.0,5.0,130.0,0.8658
33092346,COLEGIO SANTA MARIA,3305109,1,10,Líder local,649.3356756756757,37.0,5.0,143.0,0.8656
43139558,INSTITUTO RIO BRANCO,4318705,1,4,Líder local,649.2402777777778,24.0,5.0,118.0,0.8653
31170321,ESCOLA SESI GUIOMAR DE FREITAS COSTA,3170206,1,18,Líder local,648.815,44.0,5.0,167.0,0.864
27235009,COLEGIO DE EDUCACAO BASICA SANTA AFRA,2700300,1,15,Líder local,648.6587499999999,48.0,5.0,181.0,0.8634
29093643,COLEGIO SANTO ANTONIO,2910800,1,19,Líder local,648.0166666666667,48.0,5.0,223.0,0.8614
35111363,COTET COLEGIO TECNICO DE TAUBATE,3554102,1,15,Líder local,647.7792,25.0,5.0,98.0,0.8607
52053121,COLEGIO DINAMICO,5211909,1,3,Líder local,646.450925925926,36.0,5.0,163.0,0.8566
42203600,COLEGIO TRILINGUE INOVACAO,4204202,1,7,Líder local,644.9559999999999,10.0,5.0,39.0,0.8537
33195463,COLEGIO SANT ANNA SEGMENTOS FINAIS LTDA,3300209,1,10,Líder local,643.8442424242425,33.0,5.0,106.0,0.8484
42133114,COLEGIO DA LAGOA,4205407,1,26,Líder local,643.13,16.0,5.0,61.0,0.8467
35112318,SAO JOSE EXTERNATO,3504107,1,11,Líder local,642.082,30.0,5.0,136.0,0.8442
42155541,COLEGIO AVANTIS,4202909,1,3,Líder local,642.0643137254903,17.0,5.0,100.0,0.8441
33042560,COL NS DO CARMO,3305802,1,8,Líder local,641.4559999999999,10.0,5.0,55.0,0.8416
41158709,LOBO MED C - EM,4109401,1,9,Líder local,641.1830107526881,31.0,5.0,95.0,0.8401
33031410,COL STA ANGELA,3304201,1,8,Líder local,641.1260759493671,79.0,5.0,320.0,0.8397
52054241,COLEGIO COOPEN,5218805,1,7,Líder local,640.9538888888889,24.0,5.0,188.0,0.839
17056446,COLEGIO OLIMPO PALMAS INTEGRAL,1721000,1,12,Líder local,699.0537634408603,62.0,4.0,309.0,0.8377
35139646,COLEGIO RIO BRANCO - UNIDADE GRANJA VIANNA,3513009,1,14,Líder local,639.6533333333333,70.0,5.0,238.0,0.8331
25133519,COLEGIO MOTIVA LTDA - MOTIVA CENTRO,2504009,1,18,Líder local,693.1370562770562,154.0,4.0,526.0,0.8329
43112790,COLEGIO BOM JESUS JOANA D ARC,4315602,1,6,Líder local,639.5634782608695,23.0,5.0,99.0,0.8329
23025646,COLEGIO FARIAS BRITO SOBRALENSE,2312908,1,3,Líder local,638.9935922330096,103.0,5.0,264.0,0.8314
43043674,COLEGIO LA SALLE - CARMO,4305108,1,9,Líder local,638.4648648648649,37.0,5.0,323.0,0.8299
35150642,IDEAL COLEGIO,3545803,1,4,Líder local,638.045625,32.0,5.0,105.0,0.8288
42006694,COLEGIO DEHON,4218707,1,5,Líder local,637.9005970149253,134.0,5.0,524.0,0.8283
11043857,COLEGIO CLASSE A,1100205,1,9,Líder local,637.865,48.0,5.0,122.0,0.8282
29467950,DOM JEQUIE,2918001,1,4,Líder local,637.4416666666667,12.0,5.0,82.0,0.8267
31327026,CENTRO EDUCACIONAL RENOVACAO,3152501,1,9,Líder local,685.6841025641025,39.0,4.0,122.0,0.8263
35150022,MONTEIRO LOBATO COLEGIO,3530706,1,9,Líder local,682.88,18.0,4.0,75.0,0.824
31316628,ESCOLA SESI DOLORES PERES GOMES DA SILVA,3134202,1,4,Líder local,636.5509677419356,31.0,5.0,119.0,0.8235
41150392,COLEGIO PASSO CERTO GROWING BILINGUE - EDUCACAO INFANTIL ENSINO FUNDAMENTAL E MEDIO,4104808,1,10,Líder local,681.0891666666666,16.0,4.0,84.0,0.8227
29714630,CENTRO EDUCACIONAL MUNDAI,2925303,1,5,Líder local,680.9058333333334,24.0,4.0,90.0,0.8224
25164805,FERA COLEGIO E CURSO,2510808,1,6,Líder local,635.781090909091,55.0,5.0,233.0,0.8209
32018134,ESCOLA ALTERNATIVA LAGO DOS CISNES,3204906,1,4,Líder local,635.7764705882353,51.0,5.0,175.0,0.8208
29171652,COLEGIO SANTO ANTONIO DE JESUS,2928703,1,6,Líder local,635.7114754098361,61.0,5.0,267.0,0.8206
35117195,BRAGA MELLO COLEGIO,3541406,1,11,Líder local,678.3592,25.0,4.0,107.0,0.8199
31293687,COLEGIO MARISTA - VARGINHA,3170701,1,6,Líder local,678.2270531400966,69.0,4.0,210.0,0.8193
52107990,COLEGIO OBJETIVO VALPARAISO,5221858,1,8,Líder local,634.9733333333332,12.0,5.0,75.0,0.8176
41123832,COLEGIO BOM JESUS SAO VICENTE,4101804,1,4,Líder local,634.8401709401709,39.0,5.0,124.0,0.8174
29304407,COLEGIO GALILEU,2914802,1,6,Líder local,634.7972649572649,117.0,5.0,361.0,0.8171
12031682,ESC COLEGIO SIGMA,1200401,1,9,Líder local,676.6075999999999,50.0,4.0,120.0,0.8167
31334049,COLEGIO CAETANO,3167202,1,12,Líder local,676.3439999999999,15.0,4.0,65.0,0.8165
50027956,COLEGIO HARMONIA - UNIDADE I,5002704,1,28,Líder local,676.1925974025975,77.0,4.0,286.0,0.8161
42091403,COLEGIO BOM JESUS DIVINA PROVIDENCIA,4208906,1,6,Líder local,672.49,48.0,4.0,256.0,0.8126
31329762,COL GENOMA II,3127701,1,3,Líder local,671.7748148148147,54.0,4.0,203.0,0.8116
52101517,COLEGIO VERSUS LTDA,5211503,1,4,Líder local,633.273,20.0,5.0,83.0,0.8113
15173437,COLEGUIUM - UNIDADE INTERNACIONAL CARAJAS,1505536,1,4,Líder local,632.1625925925925,54.0,5.0,172.0,0.808
29149908,COLEGIO STAR,2900702,1,6,Líder local,667.5018666666666,25.0,4.0,95.0,0.8056
51069431,COLEGIO LEIBNIZ,5107602,1,7,Líder local,631.4117117117117,37.0,5.0,125.0,0.8056
35144034,GIBRAN KHALIL GIBRAN COLEGIO,3552809,1,11,Líder local,667.4784999999999,40.0,4.0,161.0,0.8055
26186896,PAIVA EDUCACIONAL SA,2602902,1,5,Líder local,631.0419354838709,31.0,5.0,74.0,0.8043
29542618,COLEGIO OFICINA DE VITORIA DA CONQUISTA,2933307,1,13,Líder local,666.3801980198019,101.0,4.0,347.0,0.8033
32076363,COLEGIO LUSIADAS,3201308,1,6,Líder local,630.4070833333334,48.0,5.0,209.0,0.8026
33008221,CENTRO EDUCACIONAL NOSSA SENHORA AUXILIADORA,3301009,1,15,Líder local,630.000248447205,161.0,5.0,634.0,0.8014
41075927,COLEGIO ANGLO AMERICANO,4108304,1,11,Líder local,629.4648979591836,49.0,5.0,188.0,0.7998
35114078,KOELLE COLEGIO,3543907,1,7,Líder local,662.6550537634408,62.0,4.0,224.0,0.7969
15528715,SOC DE EDUC INTEG HUMANA DO BRASIL,1506807,1,3,Líder local,662.45,30.0,4.0,70.0,0.7966
51028646,INST PRESBITERIANO EDUCACAO SIMONTON,5107958,1,4,Líder local,661.8644444444444,27.0,4.0,120.0,0.7954
35175420,CRESCER DE JUNDIAI COLEGIO,3525904,1,27,Líder local,628.105625,32.0,5.0,168.0,0.7946
21500002,COLEGIO DOM BOSCO BALSAS,2101400,1,5,Líder local,660.349268292683,41.0,4.0,196.0,0.7921
28031563,COLEGIO MAGNUS,2802908,1,5,Líder local,660.2406779661017,59.0,4.0,284.0,0.7919
42003903,COLEGIO ELISA ANDREOLI,4216602,1,10,Líder local,627.3997037037037,135.0,5.0,443.0,0.7918
29489504,COLEGIO UNIVERSITARIO,2931350,1,4,Líder local,660.08875,16.0,4.0,45.0,0.7917
41382161,ALFA DE UMUARAMA CENTRO C E M,4128104,1,8,Líder local,627.0575308641975,135.0,5.0,448.0,0.7909
29427924,ESCOLA MONTEIRO LOBATO -UNIDADE 2,2919553,1,4,Líder local,626.7527272727273,22.0,5.0,75.0,0.7905
43037682,COLEGIO LA SALLE,4304606,1,7,Líder local,626.3922222222222,120.0,5.0,407.0,0.7889
26033950,COLEGIO NOSSA SENHORA AUXILIADORA,2611101,1,10,Líder local,626.2894358974359,130.0,5.0,420.0,0.7886
35165049,PAULO FREIRE COLEGIO,3536505,1,5,Líder local,625.8215094339623,53.0,5.0,257.0,0.7868
51016443,COLEGIO AVANCADO DE DESENVOLVIMENTO EDUCACIONAL,5107909,1,4,Líder local,657.8776190476191,42.0,4.0,121.0,0.7863
32064950,CENTRO DE EDUCACAO BASICA SESI RAUL GIUBERTI,3201506,1,3,Líder local,625.7657142857142,28.0,5.0,154.0,0.7861
52094111,COLEGIO DELOS LTDA,5201405,1,16,Líder local,624.5886486486486,74.0,5.0,281.0,0.7822
32076223,CENTRO DE ENSINO LINHARENSE DARWIN,3203205,1,4,Líder local,624.0053333333333,15.0,5.0,74.0,0.7799
43123643,COLEGIO NOSSA SENHORA DE FATIMA,4316907,1,8,Líder local,623.9237837837838,37.0,5.0,135.0,0.7793
42159547,CURSO E COLEGIO INTEGRAL,4208203,1,5,Líder local,653.6106280193236,69.0,4.0,228.0,0.7769
41377370,COLGIO BOM JESUS MARINGA - EDUCAO INFANTIL ENSINO FUNDAMENTAL E MEDIO,4115200,1,18,Líder local,622.438,10.0,5.0,64.0,0.7755
33089248,COL STA TEREZINHA,3304904,1,28,Líder local,622.3944444444445,18.0,5.0,105.0,0.7752
21089981,ESC CRISTA EBENEZER,2100055,1,3,Líder local,621.121,20.0,5.0,83.0,0.7717
42121191,COLEGIO POSITIVO JOINVILLE,4209102,1,10,Líder local,651.8408602150537,155.0,4.0,497.0,0.771
33036659,COLEGIO JEAN PIAGET,3300100,1,11,Líder local,620.9235294117648,34.0,5.0,106.0,0.7707
35135094,BRASILIS COLEGIO,3530607,1,23,Líder local,648.1936,75.0,4.0,223.0,0.7618
33027404,ESCOLA CANTO DOS PASSAROS,3300704,1,11,Líder local,647.8538666666667,50.0,4.0,158.0,0.7605
35100419,ZETA SISTEMA DE ENSINO DE BIRIGUI,3506508,1,4,Líder local,647.4641379310344,29.0,4.0,104.0,0.7587
21092680,COLEGIO SANTA LUZIA,2105302,1,9,Líder local,618.1155555555555,63.0,5.0,212.0,0.7582
33120986,COOPERATIVA EDUCACIONAL ESCOLA FRIBOURG,3303401,1,12,Líder local,646.3161904761904,21.0,4.0,79.0,0.756
35165396,SANTA BARBARA COLEGIO,3507605,1,10,Líder local,646.1273684210527,19.0,4.0,93.0,0.7554
32081502,EEFM AZEREDO BOTELHO,3201209,1,5,Líder local,616.1480341880342,39.0,5.0,145.0,0.7516
15175448,SISTEMA DE ENSINO EQUIPE PARAGOMINAS LTDA,1505502,1,3,Líder local,616.0165517241379,29.0,5.0,108.0,0.7513
41135946,COLEGIO SUICOBRASILEIRO DE CURITIBA,4119152,1,4,Líder local,643.972,25.0,4.0,117.0,0.7494
21267324,COLEGIO GLAUCIA COSTA,2112209,1,4,Líder local,643.48375,16.0,4.0,52.0,0.7474
33190160,COLEGIO SILVA SERPA,3305208,1,5,Líder local,643.143448275862,29.0,4.0,103.0,0.7467
35111958,SAO JOSE COLEGIO SALESIANO,3552205,1,24,Líder local,614.5254285714285,70.0,5.0,254.0,0.7454
15147002,CENTRO DE APRENDIZAGEM CRESCER,1502400,1,11,Líder local,614.2117283950618,54.0,5.0,230.0,0.7439
41026810,COLEGIO BOM JESUS MAE DO DIVINO AMOR,4101507,1,5,Líder local,614.195652173913,23.0,5.0,79.0,0.7436
33181713,CENTRO EDUCACIONAL MARCOS FREITAS,3301702,1,21,Líder local,613.5205263157894,76.0,5.0,222.0,0.7397
35154775,ESCOLA VILLARE,3548807,1,10,Líder local,697.3816949152543,59.0,3.0,200.0,0.7394
26179199,COLEGIO E CURSO MENINO JESUS,2610707,1,16,Líder local,612.3464082687339,129.0,5.0,480.0,0.7365
35138009,CHALUPE COLEGIO,3505708,1,4,Líder local,611.889411764706,34.0,5.0,123.0,0.7341
41138430,BOM JESUS SAO JOSE DOS PINHAIS COL EDUC INFANTIL ENSINO FUNDAMENTAL E MEDIO,4125506,1,8,Líder local,639.4002150537634,62.0,4.0,235.0,0.7322
50012320,ESCOLA DO SESI TRES LAGOAS,5008305,1,5,Líder local,611.0703448275863,29.0,5.0,172.0,0.7311
33139881,COLEGIO ATLANTICO MACAE,3302403,1,10,Líder local,676.8360975609755,41.0,3.0,178.0,0.7199
15140463,COLEGIO SAPIENS,1500602,1,4,Líder local,608.3311111111111,18.0,5.0,70.0,0.719
35286527,PROGRESSAO COLEGIO,3538006,1,7,Líder local,672.6621052631579,19.0,3.0,84.0,0.7157
15167178,SISTEMA DE ENSINO LOGOS LTDA,1500800,1,22,Líder local,606.321142857143,35.0,5.0,112.0,0.7122
26138611,ESCOLA NOSSA SENHORA DA CONCEICAO,2609600,1,12,Líder local,606.258064516129,31.0,5.0,145.0,0.7117
35304414,PLUS COLEGIO,3505500,1,7,Líder local,666.0182857142858,35.0,3.0,135.0,0.7052
16003128,ESCOLA CONEXAO AQUARELA,1600303,1,15,Líder local,631.3671834625324,129.0,4.0,374.0,0.705
41140834,COLEGIO DIOCESANO LEAO XIII EDUCACAO INFANTIL ENSINO FUNDAMENTAL E ENSINO MEDIO,4118204,1,8,Líder local,604.1533333333333,25.0,5.0,111.0,0.7025
42084695,COLEGIO LEME LTDA,4204608,1,4,Líder local,630.4856375838926,149.0,4.0,429.0,0.7025
35005199,ESCOLA STAGIUM,3513801,1,14,Líder local,630.1602777777778,24.0,4.0,76.0,0.7015
33062609,COLEGIO CRUZEIRO-CENTRO,3304557,6,314,Outras posições,703.9823717948718,104.0,5.0,333.0,0.9403
33078866,ASSOCIACAO EDUCACIONAL GARRIGA DE MENEZES,3304557,7,314,Outras posições,703.2114285714285,21.0,5.0,58.0,0.94
33077029,COL BAHIENSE LTDA,3304557,8,314,Outras posições,693.0666666666666,39.0,5.0,94.0,0.933
23067071,COLEGIO CHRISTUS BARAO DE STUDART,2304400,6,105,Outras posições,692.3433663366336,101.0,5.0,283.0,0.9324
33075425,COL PENTAGONO,3304557,9,314,Outras posições,691.6850000000001,68.0,5.0,232.0,0.9319
33104220,RECANTO INF IMACULADA CONCEICAO,3304557,10,314,Outras posições,689.8397777777778,90.0,5.0,311.0,0.9308
33063419,COL FRANCO BRASILEIRO,3304557,11,314,Outras posições,689.4951351351352,111.0,5.0,357.0,0.9307
33100713,COL SAINT JOHN,3304557,12,314,Outras posições,689.3208333333333,24.0,5.0,82.0,0.9304
23498994,COLEGIO CHRISTUS UNIDADE PARQUELANDIA,2304400,7,105,Outras posições,687.9032432432432,37.0,5.0,139.0,0.9291
33064040,ESCOLA ISRAELITA BRASILEIRA ELIEZER STEINBARG MAX NORDAU,3304557,13,314,Outras posições,687.1416666666668,24.0,5.0,58.0,0.9285
31005975,INSTITUTO CORACAO DE JESUS,3106200,6,88,Outras posições,678.9444444444445,27.0,5.0,84.0,0.9209
33160830,COLEGIO MARISTA SAO JOSE BARRA,3304557,14,314,Outras posições,677.7646153846154,39.0,5.0,161.0,0.9188
23069864,ARI DE SA CAVALCANTE - DUQUE DE CAXIAS,2304400,8,105,Outras posições,676.8806629834254,181.0,5.0,416.0,0.9177
31004138,COLEGIO ARNALDO - UNIDADE ANCHIETA,3106200,7,88,Outras posições,671.7014285714286,14.0,5.0,44.0,0.9118
23462442,COLEGIO CHRISTUS UNIDADE SUL,2304400,9,105,Outras posições,670.7715555555556,45.0,5.0,241.0,0.9107
35105314,COLEGIO FRANCISCANO PIOXII,3550308,6,430,Outras posições,670.4731666666667,80.0,5.0,308.0,0.9106
31007111,COLEGIO SAGRADO CORACAO DE JESUS,3106200,8,88,Outras posições,670.2414814814815,54.0,5.0,206.0,0.9103
31294110,COLEGIO BURITIS AGOSTINIANO,3106200,9,88,Outras posições,669.0050666666667,25.0,5.0,90.0,0.9084
35100432,JARDIM SAO PAULO COLEGIO,3550308,7,430,Outras posições,668.9298245614035,133.0,5.0,510.0,0.9083
33142726,COL ISRAELITA BRAS A LIESSIN SCHOLEM ALEICHEM,3304557,15,314,Outras posições,668.5491999999999,50.0,5.0,162.0,0.9075
33104247,INSTITUTO NOSSA SENHORA DA PIEDADE II,3304557,16,314,Outras posições,667.6236363636364,44.0,5.0,265.0,0.9062
53009428,COL COC LAGO NORTE,5300108,6,101,Outras posições,667.4441666666667,12.0,5.0,47.0,0.9057
32040210,ESCOLA CRESCER,3205309,6,16,Outras posições,665.603076923077,13.0,5.0,50.0,0.9022
33087539,ESCOLA SUICO-BRASILEIRA RIO DE JANEIRO BY SWISS INTERNATIONAL SCHOOLS,3304557,17,314,Outras posições,665.25,20.0,5.0,88.0,0.9014
23236051,MASTER COLEGIO,2304400,10,105,Outras posições,664.3947899159664,119.0,5.0,362.0,0.8995
33115460,COL BAHIENSE - CAMPO GRANDE,3304557,18,314,Outras posições,664.3372549019607,51.0,5.0,140.0,0.8992
23274859,ANTARES ATS COLEGIO,2304400,11,105,Outras posições,663.0553846153846,13.0,5.0,67.0,0.8978
28017803,COLEGIO DE CIENCIAS PURA E APLICADA,2800308,6,43,Outras posições,662.4105,120.0,5.0,355.0,0.8966
31006513,COLEGIO NOSSA SENHORA DA PIEDADE,3106200,10,88,Outras posições,661.2614285714286,28.0,5.0,84.0,0.8946
43104983,COLEGIO ISRAELITA BRASILEIRO,4314902,6,45,Outras posições,661.2070731707317,41.0,5.0,175.0,0.8944
31007153,ESCOLA SEB UNIDADE SERRA,3106200,11,88,Outras posições,661.0757575757576,11.0,5.0,38.0,0.8943
29486963,COLEGIO ANCHIETA,2927408,6,79,Outras posições,660.9685714285714,147.0,5.0,466.0,0.894
23275936,COLEGIO SHALOM,2304400,12,105,Outras posições,660.6063157894737,19.0,5.0,80.0,0.893
33154007,COLEGIO CAROLINNA RUSSO LTDA,3304557,19,314,Outras posições,660.4088,25.0,5.0,87.0,0.8927
31004111,COLEGIO SAO JOSE DE ENSINO FUNDAMENTAL E MEDIO,3106200,12,88,Outras posições,659.145,20.0,5.0,70.0,0.8901
23243350,FARIAS BRITO JOVEM SEIS BOCAS COLEGIO,2304400,13,105,Outras posições,659.0377011494253,87.0,5.0,325.0,0.8896
43105017,COL NOSSA SENHORA DO BOM CONSELHO,4314902,7,45,Outras posições,658.6786666666667,45.0,5.0,163.0,0.8892
29447518,COLEGIO MARISTA DE PATAMARES,2927408,7,79,Outras posições,658.5875268817205,93.0,5.0,392.0,0.8888
35131660,BRASILIA DE SAO PAULO COLEGIO,3550308,8,430,Outras posições,658.375625,96.0,5.0,289.0,0.8879
33173931,ESCOLA CAROLINA PATRICIO - UNIDADE GOLFE OLIMPICO,3304557,20,314,Outras posições,657.9297872340426,47.0,5.0,121.0,0.8869
32040083,COLEGIO SALESIANO N S DA VITORIA,3205309,7,16,Outras posições,657.89,30.0,5.0,155.0,0.8867
35480745,BEACON SCHOOL,3550308,9,430,Outras posições,657.092,10.0,5.0,136.0,0.8853
23065591,FARIAS BRITO COLEGIO CENTRAL,2304400,14,105,Outras posições,656.1814545454546,220.0,5.0,499.0,0.8832
33110034,CENTRO EDUCACIONAL ESPACO INTEGRADO,3304557,21,314,Outras posições,655.3824761904762,35.0,5.0,127.0,0.8819
53013875,COL SERIOS,5300108,7,101,Outras posições,655.1514285714286,14.0,5.0,50.0,0.8803
43105670,COLEGIO SINODAL DO SALVADOR,4314902,8,45,Outras posições,654.5282608695652,46.0,5.0,185.0,0.8787
23491035,COLEGIO CHRISTUS DIONISIO TORRES,2304400,15,105,Outras posições,654.4182882882883,74.0,5.0,299.0,0.8784
23077042,ANTARES ATS COLEGIO,2304400,16,105,Outras posições,653.9826086956522,46.0,5.0,144.0,0.8778
35103433,OBJETIVO CENTRO INTERESCOLAR UNIDADE PAULISTA,3550308,10,430,Outras posições,653.2471987480437,213.0,5.0,604.0,0.8758
52104532,COLEGIO FAMILIA DE NAZARE,5208707,6,63,Outras posições,652.9418181818181,11.0,5.0,45.0,0.8745
53009940,COL PRESBITERIANO MACKENZIE - BRASILIA,5300108,8,101,Outras posições,651.1682539682539,63.0,5.0,275.0,0.8694
35100420,IMPERATRIZ LEOPOLDINA COLEGIO,3550308,11,430,Outras posições,650.9724,50.0,5.0,224.0,0.8693
52097587,COLEGIO ATRIO,5208707,7,63,Outras posições,650.807037037037,72.0,5.0,374.0,0.8685
31365874,ESCOLA EDUCAR - ENSINO MEDIO,3106200,13,88,Outras posições,650.4177777777778,18.0,5.0,71.0,0.8674
23267151,NOVA DIMENSAO COLEGIO,2304400,17,105,Outras posições,649.0346666666667,45.0,5.0,150.0,0.8647
33100977,LICEU MOLIERE,3304557,22,314,Outras posições,648.0636363636363,11.0,5.0,125.0,0.8615
33322201,POLO EDUCACIONAL SESC - ESCOLA SESC DE ENSINO MEDIO,3304557,23,314,Outras posições,647.7259821428571,224.0,5.0,682.0,0.8604
26124220,COLEGIO SANTA MARIA,2611606,6,70,Outras posições,647.6229268292683,82.0,5.0,328.0,0.8599
33065314,COL NOTRE DAME - IPANEMA,3304557,24,314,Outras posições,647.5716279069768,43.0,5.0,187.0,0.8596
23269316,MASTER SUL COLEGIO,2304400,18,105,Outras posições,647.2314414414415,111.0,5.0,443.0,0.8583
33066574,COL DOS SANTOS ANJOS,3304557,25,314,Outras posições,646.573076923077,26.0,5.0,80.0,0.8569
23246847,FARIAS BRITO COLEGIO DE APLICACAO,2304400,19,105,Outras posições,793.3013333333333,30.0,4.0,116.0,0.8525
23246880,CHRISTUS COLEGIO PRE UNIVERSITARIO,2304400,20,105,Outras posições,779.3317647058823,34.0,4.0,127.0,0.8524
23235543,ARI DE SA CAVALCANTE - MAJOR FACUNDO,2304400,21,105,Outras posições,765.7316129032258,31.0,4.0,106.0,0.8521
33184739,COLEGIO ALFA CEM BILINGUE,3304557,26,314,Outras posições,759.3114285714286,14.0,4.0,180.0,0.8516
23272333,FARIAS BRITO COLEGIO PRE-VESTIBULAR CENTRAL,2304400,22,105,Outras posições,750.8066666666666,33.0,4.0,210.0,0.8512
33064024,EDEM,3304557,27,314,Outras posições,643.946,20.0,5.0,76.0,0.8495
35141240,VERTICE COLEGIO UNIDADE II,3550308,12,430,Outras posições,732.3576344086022,62.0,4.0,267.0,0.8493
29485541,COLEGIO BERNOULLI,2927408,8,79,Outras posições,731.7037475345168,169.0,4.0,564.0,0.849
26137631,COLEGIO NUCLEO,2611606,7,70,Outras posições,728.8309803921569,153.0,4.0,496.0,0.8487
23075961,ANTARES ATS COLEGIO,2304400,23,105,Outras posições,643.7070588235295,34.0,5.0,135.0,0.8481
53056000,COL OLIMPO,5300108,9,101,Outras posições,727.3460805860806,91.0,4.0,342.0,0.848
35165347,MOBILE COLEGIO,3550308,13,430,Outras posições,723.9795192307691,208.0,4.0,714.0,0.8474
23076208,PROVECTO COLEGIO,2304400,24,105,Outras posições,722.0957142857143,14.0,4.0,48.0,0.8473
33063710,COLEGIO SANTO ANTONIO MARIA ZACCARIA,3304557,28,314,Outras posições,643.1833333333333,18.0,5.0,52.0,0.8471
31004278,ESCOLA SANTO TOMAS DE AQUINO,3106200,14,88,Outras posições,642.9140350877193,38.0,5.0,136.0,0.8458
22022406,COLEGIO LEROTE LTDA,2211001,6,45,Outras posições,717.0234146341463,41.0,4.0,235.0,0.8457
33085846,ESC BRETANHA JD INFANCIA TIO CARECA,3304557,29,314,Outras posições,716.1613793103448,29.0,4.0,133.0,0.8455
53015789,COLEGIO OLIMPO AGUAS CLARAS,5300108,10,101,Outras posições,716.0402666666666,75.0,4.0,329.0,0.8454
32077610,UP CENTRO EDUCACIONAL,3205309,8,16,Outras posições,642.6699421965318,173.0,5.0,450.0,0.8452
35134806,ETAPA COLEGIO DE EFM,3550308,14,430,Outras posições,712.9624032921811,405.0,4.0,1275.0,0.8438
52096785,COLEGIO OLIMPO GOIANIA,5208707,8,63,Outras posições,712.3107103825137,61.0,4.0,215.0,0.8435
43108423,COLEGIO PROVINCIA DE SAO PEDRO,4314902,9,45,Outras posições,641.7426086956522,46.0,5.0,177.0,0.8428
33064032,ESCOLA ALEMA CORCOVADO - EXPERIMENTAL,3304557,30,314,Outras posições,641.4553968253969,42.0,5.0,228.0,0.8414
31004731,COLEGIO MAGNUM AGOSTINIANO,3106200,15,88,Outras posições,707.41625,160.0,4.0,470.0,0.8412
22144919,COLEGIO GREAT,2211001,7,45,Outras posições,703.8186666666666,15.0,4.0,63.0,0.8398
53012860,COL GALOIS,5300108,11,101,Outras posições,700.4555115511552,101.0,4.0,358.0,0.8382
53012941,COLEGIO CIMAN,5300108,12,101,Outras posições,640.6300483091787,69.0,5.0,271.0,0.8378
33183139,INOVAR VEIGA DE ALMEIDA,3304557,31,314,Outras posições,640.264,10.0,5.0,56.0,0.8356
31246450,ESCOLA SESI GENERAL ONESIMO BECKER DE ARAUJO,3106200,16,88,Outras posições,640.192,50.0,5.0,215.0,0.835
26194236,COLEGIO SABER VIVER - UNIDADE III,2611606,8,70,Outras posições,694.746923076923,26.0,4.0,147.0,0.8342
35133450,OBJETIVO COLEGIO I UNIDADE PINHEIROS,3550308,15,430,Outras posições,639.7571428571429,77.0,5.0,196.0,0.8337
26122090,COLEGIO PRESBITERIANO AGNES ERSKINE,2611606,9,70,Outras posições,639.6625490196079,68.0,5.0,236.0,0.8334
35124199,ALBERT SABIN COLEGIO,3550308,16,430,Outras posições,692.7382456140351,171.0,4.0,610.0,0.8323
24089214,CENTRO DE EDUCACAO INTEGRADA S A - ROBERTO FREIRE,2408102,6,44,Outras posições,690.6954285714286,70.0,4.0,168.0,0.8313
33065837,ESCOLA PARQUE,3304557,32,314,Outras posições,690.2979746835443,79.0,4.0,307.0,0.831
22138544,INSTITUTO SANTO AGOSTINHO,2211001,8,45,Outras posições,638.7951724137931,29.0,5.0,114.0,0.8304
53001087,C EDUCACIONAL LEONARDO DA VINCI,5300108,13,101,Outras posições,688.4783647798743,159.0,4.0,472.0,0.8292
53001095,C EDUCACIONAL LEONARDO DA VINCI - UNID NORTE,5300108,14,101,Outras posições,688.0769306930694,202.0,4.0,690.0,0.8289
53009592,COL NOSSA SENHORA DO PERPETUO SOCORRO,5300108,15,101,Outras posições,637.785,16.0,5.0,96.0,0.8279
52083888,COLEGIO PROTAGORAS,5208707,9,63,Outras posições,637.6391666666667,168.0,5.0,512.0,0.8275
35134132,COLEGIO POLIEDRO DE EDUCACAO,3550308,17,430,Outras posições,686.2425555555557,60.0,4.0,268.0,0.8267
43105149,COLEGIO BOM JESUS SEVIGNE,4314902,10,45,Outras posições,636.7216666666667,16.0,5.0,95.0,0.8246
31166359,ASSEIJ - COLEGIO NOSSA SENHORA DAS DORES,3170107,6,12,Outras posições,636.6985542168675,83.0,5.0,301.0,0.8244
35107542,ESCOLA BILINGUE PUERI DOMUS UNIDADE I VERBO DIVINO,3550308,18,430,Outras posições,636.5661904761904,56.0,5.0,253.0,0.8238
24057207,COMPLEXO EDUC HENRIQUE CASTRICIANO,2408102,7,44,Outras posições,636.503,60.0,5.0,154.0,0.8234
31007498,COLEGIO FRANCISCANO CORACAO DE MARIA,3106200,17,88,Outras posições,636.2830769230769,26.0,5.0,89.0,0.8224
31004171,COLEGIO NOSSA SENHORA DAS DORES,3106200,18,88,Outras posições,636.1278947368421,38.0,5.0,108.0,0.8219
43238203,COLEGIO JOAO PAULO,4314902,11,45,Outras posições,680.4651282051282,39.0,4.0,131.0,0.8216
26117584,COLEGIO APOIO,2611606,10,70,Outras posições,679.5319999999999,40.0,4.0,107.0,0.8211
31006424,COLEGIO FRANCISCANO SAGRADA FAMILIA,3106200,19,88,Outras posições,635.8399999999999,55.0,5.0,191.0,0.8211
35139497,PENTAGONO COLEGIO UNIDADE CAIUBI,3550308,19,430,Outras posições,679.046431372549,85.0,4.0,222.0,0.8208
33189838,ESCOLA SAP EDUCACAO POR PROJETOS,3304557,33,314,Outras posições,678.457,30.0,4.0,97.0,0.82
35140338,MAGNO COLEGIO,3550308,20,430,Outras posições,677.8885232067511,79.0,4.0,313.0,0.8187
43203876,COLEGIO GABARITO ZONA NORTE,4314902,12,45,Outras posições,635.0711111111111,36.0,5.0,125.0,0.8187
31385433,COLEGIO DETERMINANTE,3106200,20,88,Outras posições,677.4993333333333,30.0,4.0,99.0,0.818
33063311,COL ANDREWS,3304557,34,314,Outras posições,677.4103703703704,45.0,4.0,214.0,0.8179
43109330,SISTEMA EDUCACIONAL BOA VISTA,4314902,13,45,Outras posições,634.74,46.0,5.0,146.0,0.8167
24087157,FACEX UNIDADE CIC,2408102,8,44,Outras posições,634.48,18.0,5.0,59.0,0.8158
29182344,COLEGIO INTEGRAL,2927408,9,79,Outras posições,675.2497959183673,98.0,4.0,344.0,0.8155
32041373,SOCIEDADE CULTURAL MONTEIRO LOBATO CEMS,3205309,9,16,Outras posições,634.2954545454545,22.0,5.0,65.0,0.8152
52091384,COLEGIO DEGRAUS,5208707,10,63,Outras posições,674.0981818181818,22.0,4.0,122.0,0.8141
33183830,ESCOLA ELEVA,3304557,35,314,Outras posições,673.098125,32.0,4.0,187.0,0.8133
25153820,CARL ROGERS - CENTRO DE EDUCACAO,2507507,6,50,Outras posições,672.90875,16.0,4.0,45.0,0.8131
33055920,COLEGIO MV I ICARAI,3303302,6,38,Outras posições,633.487037037037,54.0,5.0,178.0,0.8122
33196249,ESCOLA ELEVA - URCA,3304557,36,314,Outras posições,671.893607305936,73.0,4.0,344.0,0.8119
33112959,CENTRO EDUCACIONAL JARDIM AMALIA,3306305,6,11,Outras posições,633.3276923076924,26.0,5.0,124.0,0.8116
53005910,INST SAO JOSE,5300108,16,101,Outras posições,633.3026923076923,52.0,5.0,207.0,0.8115
53001192,C EDUCACIONAL SAGRADA FAMILIA,5300108,17,101,Outras posições,632.9286956521739,23.0,5.0,97.0,0.8104
33148376,ESCOLA PARQUE - BARRA,3304557,37,314,Outras posições,670.4391208791209,91.0,4.0,317.0,0.8101
23235900,COLEGIO LOURENCO FILHO - PARANGABA,2304400,25,105,Outras posições,632.8504166666667,48.0,5.0,141.0,0.81
41129148,COLEGIO ERASTO GAERTNER,4106902,6,49,Outras posições,632.6029743589743,65.0,5.0,275.0,0.8096
25132598,COLEGIO BATISTA BRASIL - PRAIA - JOAO PESSOA,2507507,7,50,Outras posições,632.052,15.0,5.0,62.0,0.8075
26118262,COLEGIO VISAO,2611606,11,70,Outras posições,631.8330092592593,144.0,5.0,470.0,0.8072
35107803,COLEGIO MAGISTER,3550308,21,430,Outras posições,631.2054761904762,28.0,5.0,126.0,0.8049
24350303,CENTRO DE EDUCACAO INTEGRADA MAIS LTDA,2408102,9,44,Outras posições,667.0768582375479,87.0,4.0,268.0,0.8045
29182409,COLEGIO MODULO,2927408,10,79,Outras posições,666.8008823529411,68.0,4.0,259.0,0.804
25125958,INTERABESSA COLEGIO E CURSO LTDA ME,2507507,8,50,Outras posições,630.844,35.0,5.0,100.0,0.8036
33160180,ENSINO MEDIO MONTEIRO LOBATO LTDA,3304557,38,314,Outras posições,630.7422222222223,36.0,5.0,104.0,0.8033
43105106,COL LA SALLE SAO JOAO,4314902,14,45,Outras posições,630.2153086419753,54.0,5.0,200.0,0.8021
33069565,INSTITUTO PIO XI,3304557,39,314,Outras posições,630.1864,50.0,5.0,117.0,0.802
35102660,COLEGIO SANTO IVO,3550308,22,430,Outras posições,665.359696969697,22.0,4.0,109.0,0.8016
26160307,COLEGIO MOTIVO,2611606,12,70,Outras posições,629.688,80.0,5.0,294.0,0.8004
28017820,COLEGIO DO SALVADOR,2800308,7,43,Outras posições,664.8213333333333,25.0,4.0,123.0,0.8001
35186429,EINSTEIN COLEGIO,3543402,6,34,Outras posições,663.7739233038349,113.0,4.0,459.0,0.7983
23077549,COLEGIO 7 DE SETEMBRO,2304400,26,105,Outras posições,629.0909473684211,95.0,5.0,266.0,0.7982
41377168,COLEGIO DOM BOSCO BATEL,4106902,7,49,Outras posições,629.0626160337554,79.0,5.0,301.0,0.7981
41133463,COLEGIO SENHORA DE FATIMA ED INF ENSINO FUND MEDIO SC LTDA,4106902,8,49,Outras posições,628.4453846153846,104.0,5.0,335.0,0.7957
35107773,SUICO BRASILEIRA SAO PAULO ESCOLA,3550308,23,430,Outras posições,628.2377777777779,36.0,5.0,166.0,0.7949
25115260,SECULO COLEGIO E CURSO,2507507,9,50,Outras posições,628.0586956521739,46.0,5.0,193.0,0.7943
31374555,COLEGUIUM - INTERNACIONAL CIDADE NOVA,3106200,21,88,Outras posições,659.3384,25.0,4.0,100.0,0.7906
53020057,ESC SEB AZ BRASILIA,5300108,18,101,Outras posições,626.4049382716049,81.0,5.0,225.0,0.789
35104449,NOSSA SENHORA DAS GRACAS ESCOLA,3550308,24,430,Outras posições,626.1667543859649,76.0,5.0,239.0,0.7882
33111642,COLEGIO SANTA MONICA - TAQUARA,3304557,40,314,Outras posições,658.0307142857143,28.0,4.0,127.0,0.787
21292990,AUDAZ COLEGIO LTDA,2111300,6,44,Outras posições,657.96,16.0,4.0,34.0,0.7868
35130217,ESCOLA CARANDA VIVA VIDA,3550308,25,430,Outras posições,657.6666666666666,27.0,4.0,100.0,0.786
35105961,BEATISSIMA VIRGEM MARIA INSTITUTO DE EDUCACAO,3550308,26,430,Outras posições,625.3954545454545,44.0,5.0,146.0,0.7845
52092488,CENTRO EDUC SESC CIDADANIA ELIAS BUFAICAL NETO,5208707,11,63,Outras posições,625.1661224489795,147.0,5.0,503.0,0.7841
24057193,COLEGIO OBJETIVO DE NATAL,2408102,10,44,Outras posições,625.0688888888889,18.0,5.0,51.0,0.7836
31290157,COL CHROMOS PAMPULHA,3106200,22,88,Outras posições,656.5686666666667,90.0,4.0,549.0,0.7835
33135169,GRUPO FARIA BRITO - OFICINA DA CRIANCA,3304557,41,314,Outras posições,624.51,16.0,5.0,59.0,0.7819
26117991,COLEGIO BOA VIAGEM LTDA,2611606,13,70,Outras posições,624.5098290598291,78.0,5.0,266.0,0.7818
33111901,COL BAHIENSE VAZ LOBO,3304557,42,314,Outras posições,655.3442857142857,14.0,4.0,55.0,0.7813
35118503,ALBERT SABIN ESCOLA DE ENSINO MEDIO,3543402,7,34,Outras posições,655.1941002949852,113.0,4.0,368.0,0.7803
53011872,ESCOLA MAPLE BEAR BRASILIA,5300108,19,101,Outras posições,624.1781818181818,11.0,5.0,38.0,0.7803
33159637,GRUPO EDUCACIONAL MOPI LTDA - UNIDADE ITANHANGA,3304557,43,314,Outras posições,654.9810526315789,19.0,4.0,87.0,0.7791
52038149,INSTITUTO PRESBITERIANO DE EDUCACAO,5208707,12,63,Outras posições,623.7584397163121,47.0,5.0,164.0,0.7791
53015010,ESCOLA CANADENSE DE BRASILIA,5300108,20,101,Outras posições,654.8383333333333,12.0,4.0,94.0,0.7787
31170534,COLEGIO PIRLIMPIMPIM SAO PASCHOALL,3170206,6,18,Outras posições,654.4735714285715,28.0,4.0,152.0,0.7783
35151506,MIRANDA COLEGIO DE EIFM,3550308,27,430,Outras posições,653.846875,32.0,4.0,110.0,0.7772
29396174,ESCOLA NOSSA SENHORA DA LUZ,2927408,11,79,Outras posições,622.9288135593221,59.0,5.0,206.0,0.7767
35142736,ESCOLA DA VILA VILA DAS JUVENTUDES,3550308,28,430,Outras posições,653.1287777777778,60.0,4.0,203.0,0.7751
31005088,COLEGUIUM - UNIDADE INTERNACIONAL BELVEDERE,3106200,23,88,Outras posições,622.1304761904763,14.0,5.0,52.0,0.7746
33192260,LATTOS COLEGIO E VESTIBULARES,3304557,44,314,Outras posições,652.9326126126126,37.0,4.0,173.0,0.774
22141251,INSTITUTO EDUCACIONAL SAO JOSE UNIDADE MOCAMBINHO,2211001,9,45,Outras posições,652.0964516129033,62.0,4.0,62.0,0.7723
53019393,COL EVEREST BRASILIA II,5300108,21,101,Outras posições,652.0921637426901,57.0,4.0,185.0,0.772
33124418,COLEGIO QI - TIJUCA,3304557,45,314,Outras posições,651.9442105263158,57.0,4.0,184.0,0.7714
43105084,COL LA SALLE SANTO ANTONIO,4314902,15,45,Outras posições,651.700594059406,101.0,4.0,376.0,0.7704
25132059,ALGORITMO COLEGIO E CURSO,2507507,10,50,Outras posições,620.8191666666667,40.0,5.0,119.0,0.7701
27216845,COLEGIO FANTASTICO,2704302,6,59,Outras posições,620.767619047619,14.0,5.0,65.0,0.7698
31004430,ESCOLA SESI NEWTON ANTONIO DA SILVA PEREIRA,3106200,24,88,Outras posições,651.4364912280702,57.0,4.0,180.0,0.7697
41131657,ASSEIJ COLEGIO NOSSA SENHORA DO ROSARIO,4106902,9,49,Outras posições,620.2392248062016,86.0,5.0,287.0,0.7678
35153631,INSTITUTO DE ENSINO NOVO DINAMICO,3550308,29,430,Outras posições,650.48,25.0,4.0,102.0,0.7672
53032012,COL BARAO DO RIO BRANCO,5300108,22,101,Outras posições,619.9488888888889,15.0,5.0,61.0,0.766
52091295,COLEGIO EXPOVEST,5208707,13,63,Outras posições,619.767288888889,75.0,5.0,224.0,0.765
22143459,CEV- COLEGIO UNIDADE 04,2211001,10,45,Outras posições,649.1135294117647,34.0,4.0,123.0,0.7646
33101876,COC - ILHA DO GOVERNADOR - UNIDADE CAMBAUBA,3304557,46,314,Outras posições,648.7835714285713,28.0,4.0,89.0,0.7634
31369969,COLEGIO NACIONAL - UNIDADE IV,3170206,7,18,Outras posições,648.2307707129095,173.0,4.0,631.0,0.762
52103161,COLEGIO INTEGRADO UNIDADE AREIAO,5208707,14,63,Outras posições,618.6409523809524,42.0,5.0,173.0,0.7609
41031105,INTERATIVA C - EI EF M,4113700,6,19,Outras posições,647.5902564102564,13.0,4.0,50.0,0.7595
43105025,COLEGIO NOSSA SRA DA GLORIA,4314902,16,45,Outras posições,618.2495555555556,30.0,5.0,138.0,0.7589
31362417,COLEGIO COPBH - UNIDADE II,3106200,25,88,Outras posições,618.0028571428572,14.0,5.0,82.0,0.7579
33034249,CENTRO EDUCACIONAL TIRADENTES,3306305,7,11,Outras posições,617.904,10.0,5.0,61.0,0.7576
41129881,INTEGRAL COL - EDUC INF EF-EM,4106902,10,49,Outras posições,617.5625641025641,13.0,5.0,51.0,0.7563
35143200,OBJETIVO CENTRO INTERESCOLAR UNIDADE CANTAREIRA,3550308,30,430,Outras posições,617.1741904761906,70.0,5.0,310.0,0.7555
22144714,SAO JOSE LESTE,2211001,11,45,Outras posições,773.8318181818181,22.0,3.0,675.0,0.755
41152484,COLEGIO POSITIVO INTERNATIONAL SCHOOL - EDUCACAO INFANTIL ENSINO FUNDAMENTAL E MEDIO,4106902,11,49,Outras posições,645.7249275362318,23.0,4.0,124.0,0.7547
53007190,COL LA SALLE,5300108,23,101,Outras posições,616.924347826087,46.0,5.0,174.0,0.7547
43109152,COLEGIO MURIALDO,4314902,17,45,Outras posições,616.9207407407407,45.0,5.0,161.0,0.7545
33129902,COLEGIO EVEREST INTERNACIONAL,3304557,47,314,Outras posições,616.9145454545455,22.0,5.0,73.0,0.7544
25097326,COLEGIO OLIMPO JOAO PESSOA,2507507,11,50,Outras posições,616.6605442176871,49.0,5.0,149.0,0.7535
35132925,ESCOLA SEB UNIDADE LAFAIETE,3543402,8,34,Outras posições,644.9163018867924,265.0,4.0,292.0,0.7532
43219535,COLEGIO ANGLO PORTO ALEGRE,4314902,18,45,Outras posições,616.3385714285714,14.0,5.0,79.0,0.7525
15174476,COLEGIO INTEGRADO BELEM LTDA,1501402,6,55,Outras posições,644.6460215053764,62.0,4.0,236.0,0.7522
35107700,ELVIRA BRANDAO COLEGIO,3550308,31,430,Outras posições,616.1544144144144,37.0,5.0,99.0,0.7518
23073209,COLEGIO LOURENCO FILHO CENTRAL,2304400,27,105,Outras posições,644.2304255319149,94.0,4.0,340.0,0.7506
24097004,COLEGIO CIENCIAS APLICADAS,2408102,11,44,Outras posições,724.4170909090909,55.0,3.0,141.0,0.7503
22142363,COLEGIO PROPOSITO,2211001,12,45,Outras posições,721.8133333333334,15.0,3.0,293.0,0.7499
52068986,COLEGIO WR,5208707,15,63,Outras posições,717.7649751243781,201.0,3.0,823.0,0.749
33155852,COLEGIO PH,3304557,48,314,Outras posições,643.8449691358024,108.0,4.0,344.0,0.7483
41371755,COL CATOLICA DE CURITIBA ED INF ENS FUND MEDIO,4106902,12,49,Outras posições,615.2272222222223,36.0,5.0,107.0,0.7483
29342880,COLEGIO HELYOS,2910800,6,19,Outras posições,715.7744444444445,36.0,3.0,113.0,0.7478
29181658,COLEGIO SAO LAZARO,2927408,12,79,Outras posições,643.67,12.0,4.0,37.0,0.7477
29437261,COLEGIO ACESSO,2910800,7,19,Outras posições,715.0920481927711,83.0,3.0,315.0,0.7474
28020049,LICEU DE ESTUDOS INTEGRADOS,2800308,8,43,Outras posições,643.2965517241379,29.0,4.0,132.0,0.7471
33184720,COLEGIO ALFA CEM BILINGUE,3304557,49,314,Outras posições,713.7925,16.0,3.0,81.0,0.747
33063516,COLEGIO NOSSA SENHORA DE LOURDES,3304557,50,314,Outras posições,614.802380952381,14.0,5.0,45.0,0.7468
26127580,COLEGIO CONHECER,2611606,14,70,Outras posições,614.6366666666667,12.0,5.0,56.0,0.7464
32083882,ESCOLA MADAN,3205309,10,16,Outras posições,711.2780769230769,52.0,3.0,184.0,0.7459
26187353,COLEGIO NUCLEO - BOA VIAGEM,2611606,15,70,Outras posições,710.4405555555555,72.0,3.0,266.0,0.7455
33196222,ESCOLA NOVA BY SWISS INTERNATIONAL SCHOOL,3304557,51,314,Outras posições,642.8151111111112,45.0,4.0,156.0,0.7451
35104985,BANDEIRANTES COLEGIO EFM,3550308,32,430,Outras posições,709.110641025641,364.0,3.0,1330.0,0.7449
35313524,COLEGIO CST CARDEAL LIZARTE,3550308,33,430,Outras posições,614.2146666666666,15.0,5.0,59.0,0.744
15172147,COLEGIO ASLAN,1501402,7,55,Outras posições,614.1678260869564,23.0,5.0,65.0,0.7435
21279446,ESCOLA CRESCIMENTO,2111300,7,44,Outras posições,642.0091358024691,27.0,4.0,118.0,0.7435
24088846,COLEGIO PORTO,2408102,12,44,Outras posições,704.8577551020408,98.0,3.0,332.0,0.743
35108112,AUGUSTO RUSCHI COLEGIO,3518800,6,56,Outras posições,641.8628571428571,21.0,4.0,99.0,0.743
31379816,ESCOLA SESI BH HORTO,3106200,26,88,Outras posições,641.8383870967742,93.0,4.0,241.0,0.7427
35106884,FECAP COLEGIO,3550308,34,430,Outras posições,614.056061728395,270.0,5.0,841.0,0.7426
35104206,COMPANHIA DE MARIA COLEGIO,3550308,35,430,Outras posições,614.0466666666666,12.0,5.0,47.0,0.7424
26163039,COLEGIO GGE,2611606,16,70,Outras posições,702.6117482517482,143.0,3.0,500.0,0.742
33202109,MART EDUCACAO LTDA,3304557,52,314,Outras posições,641.6033333333332,10.0,4.0,55.0,0.7419
29459230,COLEGIO MARIZIA MAIOR,2927408,13,79,Outras posições,641.5861538461539,26.0,4.0,93.0,0.7417
31323942,ASSOCIACAO EDUCACIONAL JOHANN KEPLER,3170206,8,18,Outras posições,613.8364102564102,26.0,5.0,156.0,0.7414
22025715,COLEGIO PROPOSITO,2211001,13,45,Outras posições,697.483076923077,26.0,3.0,28.0,0.7397
31379832,COLEGIO DONA CLARA - UNIDADE 2,3106200,27,88,Outras posições,641.1690322580646,62.0,4.0,194.0,0.7397
33186260,COLEGIO E CURSO AO CUBO,3304557,53,314,Outras posições,613.5031578947368,38.0,5.0,117.0,0.7395
33183031,ESCOLA SA PEREIRA,3304557,54,314,Outras posições,641.0128571428571,14.0,4.0,98.0,0.7391
33178879,COLEGIO ALFA CEM BILINGUE,3304557,55,314,Outras posições,696.2688888888888,27.0,3.0,89.0,0.7382
52101363,COPE - COLEGIO PREPARAENEM,5208707,16,63,Outras posições,693.3356882255389,201.0,3.0,682.0,0.7359
25092901,INTERACTIVO CRISTO COLEGIO E CURSOS EIRELI ME,2507507,12,50,Outras posições,612.2080555555555,72.0,5.0,262.0,0.7357
33116784,COLEGIO IGLESIAS,3304557,56,314,Outras posições,693.2199999999999,12.0,3.0,32.0,0.7357
35811385,PENHENSE ESCOLA ESP,3550308,36,430,Outras posições,640.3133333333334,48.0,4.0,117.0,0.7357
35103445,EQUIPE COLEGIO,3550308,37,430,Outras posições,640.2621568627451,34.0,4.0,139.0,0.7352
31004499,COLEGIO NOSSA SENHORA DO MONTE CALVARIO,3106200,28,88,Outras posições,612.0717647058824,17.0,5.0,57.0,0.7347
33179999,LME 542 EMPREENDIMENTOS EDUCACIONAIS SS LTDA,3303302,7,38,Outras posições,692.2862222222222,45.0,3.0,169.0,0.7347
33087628,ANGLO AMERICANO ESCOLAS INTEGRADAS LTD,3304557,57,314,Outras posições,639.9231746031746,21.0,4.0,57.0,0.7337
35175572,POLIEDRO COLEGIO,3549904,6,22,Outras posições,689.8837242128122,307.0,3.0,1009.0,0.7334
53001400,COL SANTA DOROTEIA,5300108,24,101,Outras posições,611.6154545454546,22.0,5.0,86.0,0.7333
33170100,ESCOLA SESI JACAREPAGUA - FREGUESIA,3304557,58,314,Outras posições,611.360761904762,140.0,5.0,405.0,0.7325
43172423,COLEGIO LEONARDO DA VINCI-ALFA,4314902,19,45,Outras posições,688.7002051282052,65.0,3.0,218.0,0.7324
15037622,CENTRO DE SERVICOS EDUCACIONAIS DO PARA,1501402,8,55,Outras posições,611.1456910569106,41.0,5.0,114.0,0.7314
53016726,UNICO EDUCACIONAL,5300108,25,101,Outras posições,687.862625,320.0,3.0,885.0,0.7314
35802578,COLEGIO ARBOS - UNIDADE SAO BERNARDO DO CAMPO,3548708,6,32,Outras posições,687.3654545454546,33.0,3.0,171.0,0.7311
33071721,COLEGIO QI METROPOLITANO,3304557,59,314,Outras posições,638.8952688172043,62.0,4.0,190.0,0.7306
35367734,DOM BOSCO COLEGIO UNID III,3550308,38,430,Outras posições,638.8584,100.0,4.0,299.0,0.7304
23334266,FARIAS BRITO PRE VESTIBULAR ALDEOTA,2304400,28,105,Outras posições,686.3619896640827,258.0,3.0,492.0,0.7298
28037723,NUCLEO AVANCADO DE ENSINO G8 LTDA,2800308,9,43,Outras posições,686.3105555555555,36.0,3.0,143.0,0.7296
21290229,RF ENSINO MEDIO LTDA,2111300,8,44,Outras posições,685.6965018315018,182.0,3.0,469.0,0.7293
31278084,ESCOLA SESI ALBERTO MARTINS FONTOURA BORGES,3170107,7,12,Outras posições,610.6681481481481,45.0,5.0,161.0,0.7293
31005134,COLEGIO SAO PAULO,3106200,29,88,Outras posições,610.6386666666666,15.0,5.0,100.0,0.729
25098349,SECULO COLEGIO E CURSO,2507507,13,50,Outras posições,610.5576470588235,17.0,5.0,67.0,0.7282
31281921,CECRI C EDUC CRIATIVO,3122306,6,9,Outras posições,637.6707692307692,13.0,4.0,64.0,0.7273
31369977,COL CHROMOS BARREIRO,3106200,30,88,Outras posições,637.5576119402986,67.0,4.0,412.0,0.727
41390024,COLEGIO E CURSO ELITE CURITIBA,4106902,13,49,Outras posições,637.5533333333333,54.0,4.0,116.0,0.7269
31006629,CENTRO EDUCACIONAL MINEIRO,3106200,31,88,Outras posições,609.851282051282,39.0,5.0,158.0,0.7253
35135550,COLEGIO SANTA VIRGINIA,3550308,39,430,Outras posições,637.1716666666666,12.0,4.0,56.0,0.7253
26121484,COLEGIO SALESIANO SAGRADO CORACAO,2611606,17,70,Outras posições,609.8295238095238,63.0,5.0,196.0,0.7251
22131027,COLEGIO PRO CAMPUS JUNIOR,2211001,14,45,Outras posições,636.9864285714285,28.0,4.0,29.0,0.7247
31268259,ESCOLA SESI OTONI ALVES COSTA,3167202,6,12,Outras posições,636.7373584905661,53.0,4.0,220.0,0.7244
27218198,COLEGIO SANTISSIMO SENHOR,2704302,7,59,Outras posições,609.5914814814815,36.0,5.0,109.0,0.7242
31314749,COLEGIO ALUMNUS,3106200,32,88,Outras posições,680.132,10.0,3.0,48.0,0.7242
35102490,PAULA MONTALT MADRE COLEGIO,3550308,40,430,Outras posições,609.3111111111111,18.0,5.0,68.0,0.7229
53038002,C DE ENS MEDIO DELTA,5300108,26,101,Outras posições,636.4544000000001,50.0,4.0,193.0,0.7228
33114340,ESCOLA SESI PETROPOLIS,3303906,6,17,Outras posições,636.4478620689655,145.0,4.0,506.0,0.7226
23272015,DAULIA BRINGEL COLEGIO,2304400,29,105,Outras posições,609.2302645502646,63.0,5.0,249.0,0.7225
29477271,CURSO E COLEGIO LEFFLER,2927408,14,79,Outras posições,678.2965217391304,46.0,3.0,128.0,0.7223
33170096,INSTITUTO MAIA VINAGRE FUNDAMENTAL,3303302,8,38,Outras posições,609.0226086956521,23.0,5.0,64.0,0.7215
51036193,MASTER GENESIS ALVORADA,5103403,6,25,Outras posições,635.9515625,64.0,4.0,225.0,0.7215
33189820,COLEGIO GERACAO Z LTDA,3304557,60,314,Outras posições,635.6531111111111,30.0,4.0,83.0,0.7202
32039999,CE AGOSTINIANO,3205309,11,16,Outras posições,608.5370370370371,27.0,5.0,80.0,0.7197
33113106,ESCOLA SESI MARACANA,3304557,61,314,Outras posições,608.4925757575758,132.0,5.0,516.0,0.7196
23275871,COLEGIO GURI SENIOR,2304400,30,105,Outras posições,608.4722388059702,67.0,5.0,163.0,0.7194
26190451,COLEGIO GGE,2611606,18,70,Outras posições,676.2941158059468,213.0,3.0,586.0,0.719
31005185,ESCOLA SESI EMILIA MASSANTI,3106200,33,88,Outras posições,635.2032558139535,43.0,4.0,129.0,0.7189
26152630,GGE VESTIBULARES,2611606,19,70,Outras posições,675.9902040816326,49.0,3.0,259.0,0.7187
29181640,COLEGIO SAO JOSE,2927408,15,79,Outras posições,608.2420000000001,70.0,5.0,192.0,0.7186
24085634,CENTRO EDUCACIONAL MASTER,2408102,13,44,Outras posições,674.9399999999999,13.0,3.0,68.0,0.718
31220353,ESCOLA SESI BELO HORIZONTE SAO JOAO BATISTA,3106200,34,88,Outras posições,635.0115789473684,19.0,4.0,109.0,0.7178
15581900,SISTEMA EDUCACIONAL ACROPOLE BELEM,1501402,9,55,Outras posições,607.945,12.0,5.0,55.0,0.7174
52097676,COLEGIO SIMBIOS,5208707,17,63,Outras posições,674.4309186351707,127.0,3.0,428.0,0.7174
53005457,CENTRO DE ENSINO SANTA RITA DE CASSIA,5300108,27,101,Outras posições,634.6458536585366,41.0,4.0,155.0,0.7158
35142360,ALMEIDA GASPARIN COLEGIO,3518800,7,56,Outras posições,607.2028571428572,14.0,5.0,47.0,0.7145
52033090,COLEGIO SHALLON - UNIDADE I,5208707,18,63,Outras posições,634.2165,40.0,4.0,162.0,0.7145
35126718,ESCOLA NOVA LOURENCO UNIDADE IV,3550308,41,430,Outras posições,671.5768484848485,55.0,3.0,320.0,0.714
32078510,UP CENTRO EDUCACIONAL,3205309,12,16,Outras posições,633.9714373088685,109.0,4.0,391.0,0.7136
35290993,MONFORTE COLEGIO,3550308,42,430,Outras posições,606.4294736842105,19.0,5.0,83.0,0.7126
53018273,COL IDEAL UNIDADE JARDIM BOTANICO,5300108,28,101,Outras posições,633.528,15.0,4.0,83.0,0.7122
31005673,COLEGIO FREDERICO OZANAM,3106200,35,88,Outras posições,606.31,18.0,5.0,79.0,0.712
22144668,COLEGIO INOVE,2211001,15,45,Outras posições,606.2475862068966,29.0,5.0,72.0,0.7116
31368342,COLEGUIUM - UNIDADE INTERNACIONAL BURITIS,3106200,36,88,Outras posições,633.3839639639639,37.0,4.0,94.0,0.7114
31370258,COLEGIO ORLEANS E BRAGANCA,3106200,37,88,Outras posições,606.094,10.0,5.0,104.0,0.7103
33064628,COLEGIO TTH BAR-ILAN,3304557,62,314,Outras posições,668.5020000000001,10.0,3.0,38.0,0.7097
23263741,CWD MAXIMUS COLEGIO,2304400,31,105,Outras posições,632.801875,32.0,4.0,118.0,0.7095
21199090,COLEGIO EDUCALLIS,2111300,9,44,Outras posições,667.20125,120.0,3.0,327.0,0.7076
35119982,JARDIM SAO PAULO UNIDADE TREMEMBE COLEGIO,3550308,43,430,Outras posições,667.1579874213837,53.0,3.0,199.0,0.7075
52032973,COLEGIO GOIANIENSE ADVENTISTA,5208707,19,63,Outras posições,605.14,44.0,5.0,142.0,0.7075
35118928,MODULO COLEGIO,3550308,44,430,Outras posições,604.9521666666667,80.0,5.0,290.0,0.7071
33457239,COLEGIO INTERNACIONAL SIGNORELLI,3304557,63,314,Outras posições,604.8458064516129,31.0,5.0,88.0,0.7065
35137133,PENTAGONO COLEGIO UNIDADE MORUMBI,3550308,45,430,Outras posições,666.6890909090909,44.0,3.0,165.0,0.7065
52290352,COLEGIO EINSTEIN,5208707,20,63,Outras posições,604.78,25.0,5.0,130.0,0.7062
21280746,CENTRO EDUCACIONAL SAGRES,2111300,10,44,Outras posições,631.4866666666667,21.0,4.0,85.0,0.706
35100171,NOSSA SENHORA DAS DORES COLEGIO,3550308,46,430,Outras posições,604.7218390804599,29.0,5.0,70.0,0.706
24059323,INSTITUTO MARIA AUXILIADORA,2408102,14,44,Outras posições,604.6871428571429,14.0,5.0,92.0,0.7059
31004162,COLEGIO NOEME CAMPOS,3106200,38,88,Outras posições,631.4526666666667,30.0,4.0,68.0,0.7058
35140351,OBJETIVO CENTRO INTERESCOLAR UNIDADE POMPEIA,3550308,47,430,Outras posições,631.4309273182957,133.0,4.0,381.0,0.7056
35010473,MAPLE BEAR JUNDIAI,3525904,6,27,Outras posições,665.99,10.0,3.0,46.0,0.705
35126615,CIDADE JARDIM CUMBICA COLEGIO,3518800,8,56,Outras posições,604.5098765432099,54.0,5.0,192.0,0.7049
35158823,FUTURO ESCOLA DO,3550308,48,430,Outras posições,631.3201075268817,31.0,4.0,132.0,0.7049
31384828,COLEGIO OPCAO - UNIDADE II,3170107,8,12,Outras posições,665.7046153846154,13.0,3.0,82.0,0.7047
52033112,COLEGIO MAIS ANIMA,5208707,21,63,Outras posições,631.1466666666666,20.0,4.0,71.0,0.7044
35004304,ESCOLA CONCEPT,3543402,9,34,Outras posições,665.0138461538462,13.0,3.0,59.0,0.7036
29999740,UNIDADE SESI PIATA,2927408,16,79,Outras posições,604.3401452282158,482.0,5.0,1752.0,0.7034
31244023,ESCOLA DO SEBRAE,3106200,39,88,Outras posições,630.6624712643678,116.0,4.0,649.0,0.7028
24059340,INSTITUTO REIS MAGOS,2408102,15,44,Outras posições,630.4972413793103,29.0,4.0,111.0,0.7027
31375071,COLEGIO ANN MACKENZIE,3170206,9,18,Outras posições,604.0178571428571,28.0,5.0,137.0,0.7023
31358541,COLEGUIUM - UNIDADE CARLOS PRATES,3106200,40,88,Outras posições,629.9794285714286,35.0,4.0,106.0,0.7009
35107165,PIONEIRO CENTRO EDUCACIONAL,3550308,49,430,Outras posições,663.7253846153847,26.0,3.0,64.0,0.7009
35008727,ESCOLA NOVA LOURENCO CASTANHO,3550308,50,430,Outras posições,663.5083333333333,28.0,3.0,147.0,0.7005
31371742,COLEGIO M2 - VESPASIANO,3171204,1,2,Sem comparação local (poucas escolas na cidade),661.5290909090909,11.0,5.0,27.0,0.8952
43023363,COLEGIO SAGRADO CORACAO DE JESUS,4302105,1,2,Sem comparação local (poucas escolas na cidade),645.6047272727274,55.0,5.0,209.0,0.8547
43119964,COLEGIO DOM ALBERTO,4316808,1,2,Sem comparação local (poucas escolas na cidade),639.8389743589744,13.0,5.0,56.0,0.8339
43057152,ESCOLA DE EDUCACAO BASICA DA URI - ERECHIM,4307005,1,2,Sem comparação local (poucas escolas na cidade),633.11768707483,49.0,5.0,232.0,0.8107
28037863,REDE DE ENSINO LIBERTAR LTDA,2803500,1,1,Sem comparação local (poucas escolas na cidade),630.867,40.0,5.0,128.0,0.8037
15096831,COLEGIO ATITUDE,1502103,1,1,Sem comparação local (poucas escolas na cidade),626.2570491803278,61.0,5.0,188.0,0.7884
52039722,COLEGIO APHONSIANO,5221403,1,2,Sem comparação local (poucas escolas na cidade),620.7465116279069,43.0,5.0,160.0,0.7697
32043325,MAXIME CENTRO EDUCACIONAL,3202405,1,1,Sem comparação local (poucas escolas na cidade),617.3081481481481,27.0,5.0,82.0,0.7557
43008895,ESCOLA DE ENSINO MEDIO IMPULSO AO SABER,4302105,2,2,Sem comparação local (poucas escolas na cidade),644.7321568627451,17.0,4.0,36.0,0.7526
43019056,COLEGIO NOSSA SENHORA AUXILIADORA,4301602,1,1,Sem comparação local (poucas escolas na cidade),613.6168,25.0,5.0,96.0,0.74
29389992,ESCOLA MONTESSORI,2924009,1,2,Sem comparação local (poucas escolas na cidade),611.9763218390804,58.0,5.0,225.0,0.7344
16004779,COLEGIO IRMA MARIA JOSE,1600600,1,2,Sem comparação local (poucas escolas na cidade),611.2123076923077,26.0,5.0,70.0,0.732
15152120,ESCOLA DE EDUCACAO BASICA CENTRO EDUCACIONAL ANCHIETA,1503606,1,2,Sem comparação local (poucas escolas na cidade),683.4446153846154,26.0,3.0,124.0,0.7273
41125657,COLEGIO AGAPE EDUCACAO INFANTIL ENSINO FUNDAMENTAL E MEDIO,4105805,1,2,Sem comparação local (poucas escolas na cidade),608.852,25.0,5.0,99.0,0.7209
15586413,ESCOLA DE EDUCACAO BASICA MARECHAL RONDON,1503606,2,2,Sem comparação local (poucas escolas na cidade),607.3502127659574,47.0,5.0,211.0,0.7151
31305847,COL CIDADE DE MURIAE,3143906,1,2,Sem comparação local (poucas escolas na cidade),605.871339869281,102.0,5.0,276.0,0.7098
31342122,INSTITUTO EDUCACIONAL SABER,3145208,1,2,Sem comparação local (poucas escolas na cidade),630.0184615384616,26.0,4.0,121.0,0.7012
