codigo_escola,NO_ENTIDADE,codigo_municipio,rank_municipio,n_escolas_confiaveis_municipio,segmento_comercial,enem_media_geral,qtd_participantes_enem,indice_infra,QT_MAT_MED,score_destaque,nome_municipio_ibge,uf,CO_CEP,DS_ENDERECO,NU_ENDERECO,bairro,logradouro_viacep,erro_geocodificacao
26534711,COLEGIO COGNITIVO,2611606,2,70,Desafiante (2º-5º local),736.4080303030303,132.0,5.0,433.0,0.9502,Recife,PE,52060460,RUA SANTANNA,213,Santana,Rua Sant'Anna,
26118165,COLEGIO EQUIPE,2611606,3,70,Desafiante (2º-5º local),727.4376271186441,59.0,5.0,234.0,0.9485,Recife,PE,50610050,DEMOSTENES DE OLINDA,121,Madalena,Rua Demóstenes de Olinda,
33057206,INSTITUTO GAYLUSSAC - ENS FUNDAMENTAL E MEDIO,3303302,2,38,Desafiante (2º-5º local),713.3588000000001,100.0,5.0,300.0,0.9444,Niterói,RJ,24365050,MARIA CALDAS,35,São Francisco,Rua Maria Caldas,
32040040,COLEGIO PRIMEIRO MUNDO,3205309,2,16,Desafiante (2º-5º local),702.2151724137931,29.0,5.0,95.0,0.9394,Vitória,ES,29055420,CONSTANTE SODRE,655,Praia do Canto,Rua Constante Sodré,
32040032,CE LEONARDO DA VINCI,3205309,3,16,Desafiante (2º-5º local),695.9213333333333,50.0,5.0,219.0,0.9356,Vitória,ES,29056910,"RUA ELIAS TOMMASI SOBRINHO, 154",154,Santa Lúcia,Rua Elias Tommasi Sobrinho,
31387860,COLEGIO MAGNUM AGOSTINIANO,3106200,2,88,Desafiante (2º-5º local),694.66,11.0,5.0,63.0,0.9343,Belo Horizonte,MG,30130188,JOAO PINHEIRO,580,Lourdes,Avenida João Pinheiro,
31006157,COLEGIO LOGOSOFICO GONZALEZ PECOTCHE,3106200,3,88,Desafiante (2º-5º local),693.8408888888889,45.0,5.0,150.0,0.9338,Belo Horizonte,MG,30150322,PIAUI,742,Santa Efigênia,Rua Piauí,
43104975,CENTRO DE ENSINO MEDIO FARROUPILHA - UNIDADE DE ENSINO COLEGIO FARROUPILHA,4314902,2,45,Desafiante (2º-5º local),692.887231638418,177.0,5.0,625.0,0.9327,Porto Alegre,RS,91330150,CARLOS HUBER,425,Três Figueiras,Rua Carlos Huber,
32074964,COLEGIO SALESIANO JARDIM CAMBURI,3205309,4,16,Desafiante (2º-5º local),689.4235087719298,57.0,5.0,225.0,0.9306,Vitória,ES,29090480,DEPUTADO OTAVIANO RODRIGUES DE CARVALHO,360,Jardim Camburi,Rua Deputado Otaviano Rodrigues de Carvalho,
26197405,COLEGIO EXIMIUS,2611606,4,70,Desafiante (2º-5º local),688.2833333333334,42.0,5.0,141.0,0.9294,Recife,PE,52060460,RUA DE SANTANNA,511,Santana,Rua Sant'Anna,
32041411,CENTRO DE ENSINO CHARLES DARWIN,3205309,5,16,Desafiante (2º-5º local),685.6892340425532,235.0,5.0,655.0,0.9268,Vitória,ES,29065730,DESEMBARGADOR VICENTE CAETANO,116,Mata da Praia,Rua Desembargador Vicente Caetano,
31309711,ESCOLA SEB UNIMASTER,3106200,4,88,Desafiante (2º-5º local),685.5546153846154,26.0,5.0,69.0,0.9263,Belo Horizonte,MG,30492020,ENGENHEIRO ALBERTO PONTES,280,Buritis,Rua Engenheiro Alberto Pontes,
53013670,C EDUCACIONAL LEONARDO DA VINCI - UNIDADE TAGUATINGA,5300108,2,101,Desafiante (2º-5º local),683.7619366852887,179.0,5.0,547.0,0.9252,Brasília,DF,71953100,QS 3 RUA 420,02 B,Areal,Quadra QS 3 Rua 420,
31369772,COLEGIO OLIMPO BH,3106200,5,88,Desafiante (2º-5º local),683.428,10.0,5.0,38.0,0.9247,Belo Horizonte,MG,30210420,DOS BANDEIRANTES,2222,Mangabeiras,Avenida dos Bandeirantes,
43215050,COLEGIO BERTONI MED,4314902,3,45,Desafiante (2º-5º local),682.5307692307692,13.0,5.0,14.0,0.9241,Porto Alegre,RS,90540120,AUXILIADORA,191,Auxiliadora,Rua Auxiliadora,
26156202,MD EDUCACIONAL- COLEGIO MADRE DE DEUS UNIDADE II,2611606,5,70,Desafiante (2º-5º local),681.981037037037,135.0,5.0,450.0,0.9237,Recife,PE,51130300,JOAO CARDOSO AIRES,705,Boa Viagem,Rua João Cardoso Aires,
53020006,C EDUCACIONAL SIGMA - ASA NORTE,5300108,3,101,Desafiante (2º-5º local),680.6918181818181,88.0,5.0,330.0,0.9224,Brasília,DF,70790100,SGAN 910,910,Asa Norte,Quadra SGAN 910,
53015347,C EDUCACIONAL SIGMA AGUAS CLARAS,5300108,4,101,Desafiante (2º-5º local),677.5172151898735,79.0,5.0,238.0,0.9185,Brasília,DF,71939720,14,02,Sul (Águas Claras),Rua 14,
52034054,COLEGIO PROGRESSIVO,5208707,2,63,Desafiante (2º-5º local),677.0464978902953,79.0,5.0,263.0,0.9179,Goiânia,GO,74423080,DOMINGOS ABREU VIEIRA,748,Cidade Jardim,Rua Domingos Abreu Vieira,
53001222,C EDUCACIONAL SIGMA,5300108,5,101,Desafiante (2º-5º local),675.3353333333333,90.0,5.0,368.0,0.916,Brasília,DF,70310500,DOS ESTADOS,912,Asa Sul,Galeria dos Estados,
52034046,COLEGIO PREVEST,5208707,3,63,Desafiante (2º-5º local),670.8133064516129,124.0,5.0,490.0,0.9109,Goiânia,GO,74020030,5,202,Setor Central,Rua 5,
52089550,COLEGIO VISAO,5208707,4,63,Desafiante (2º-5º local),669.8071515151515,55.0,5.0,119.0,0.9096,Goiânia,GO,74230050,T 13,1030,Setor Bueno,Avenida T 13,
35114832,PEQUENO PRINCIPE COLEGIO,3543402,2,34,Desafiante (2º-5º local),669.7211594202898,69.0,5.0,311.0,0.9094,Ribeirão Preto,SP,14029546,DOM JOVIANO DE LIMA JUNIOR,305,Loteamento Santa Luisa,Alameda Dom Joviano de Lima Junior,
43107494,CENTRO DE ENSINO MEDIO PASTOR DOHMS-UNIDADE DE ENSINO HIGIENOPOLIS,4314902,4,45,Desafiante (2º-5º local),669.5675757575757,66.0,5.0,252.0,0.9093,Porto Alegre,RS,90550031,AMERICO VESPUCIO,483,Higienópolis,Rua Américo Vespucio,
35114960,COLEGIO SANTA URSULA DE RIBEIRAO PRETO,3543402,3,34,Desafiante (2º-5º local),667.2603389830508,59.0,5.0,257.0,0.9055,Ribeirão Preto,SP,14020610,CHILE,1750,Jardim Irajá,Rua Chile,
43172440,COLEGIO LEONARDO DA VINCI- BETA,4314902,5,45,Desafiante (2º-5º local),664.4967857142857,56.0,5.0,170.0,0.8997,Porto Alegre,RS,90810000,ICARAI,1879,Cristal,Avenida Icaraí,
52086615,COLEGIO JAO LTDA,5208707,5,63,Desafiante (2º-5º local),660.721090909091,55.0,5.0,218.0,0.8934,Goiânia,GO,74673640,J47,120,Setor Jaó,Rua J47,
33155259,ISJB - COLEGIO SALESIANO REGIAO OCEANICA,3303302,3,38,Desafiante (2º-5º local),654.8534693877551,49.0,5.0,151.0,0.8792,Niterói,RJ,24350280,DOUTOR CORNELIO DE MELLO JUNIOR,117,Piratininga,Rua Doutor Cornelio de Mello Júnior,
35137170,COLEGIO ANGLO ALANTE SAO JOSE DOS CAMPOS,3549904,2,22,Desafiante (2º-5º local),653.0790810810811,185.0,5.0,654.0,0.8751,São José dos Campos,SP,12242431,LAURENT MARTINS,329,Jardim Esplanada,Rua Laurent Martins,
33165920,COLEGIO E CURSO PENSI,3303302,4,38,Desafiante (2º-5º local),758.8586206896553,29.0,4.0,277.0,0.8515,Niterói,RJ,24230210,OSVALDO CRUZ,33,Icaraí,Rua Osvaldo Cruz,
33055947,COLEGIO SALESIANO SANTA ROSA,3303302,5,38,Desafiante (2º-5º local),643.9246987951807,83.0,5.0,316.0,0.8493,Niterói,RJ,24240225,SANTA ROSA,207,Santa Rosa,Rua Santa Rosa,
35290804,ESCOLA SEB UNIDADE ALVARES CABRAL,3543402,4,34,Desafiante (2º-5º local),725.4759420289855,69.0,4.0,212.0,0.8477,Ribeirão Preto,SP,14010080,ALVARES CABRAL,790,Centro,Rua Álvares Cabral,
42000238,COLEGIO BOM JESUS CORACAO DE JESUS,4205407,2,26,Desafiante (2º-5º local),640.6637837837839,37.0,5.0,135.0,0.8382,Florianópolis,SC,88020050,RUA EMIR ROSA,120,Centro,Rua Emir Rosa,
35431436,LICEU CONTEMPORANEO ENSINO MEDIO,3543402,5,34,Desafiante (2º-5º local),637.4346153846153,52.0,5.0,174.0,0.8266,Ribeirão Preto,SP,14050440,PARAISO,360,Vila Tibério,Rua Paraíso,
35499067,INSPIRE COLEGIO,3549904,3,22,Desafiante (2º-5º local),666.4417021276596,47.0,4.0,222.0,0.8034,São José dos Campos,SP,12220611,DUTRA PRESIDENTE,0,Vila Tatetuba,Rodovia Presidente Dutra,
42000645,COLEGIO SANTA CATARINA,4205407,3,26,Desafiante (2º-5º local),625.164,25.0,5.0,99.0,0.7839,Florianópolis,SC,88015410,FREI EVARISTO,91,Centro,Rua Frei Evaristo,
42000262,EDUCANDARIO IMACULADA CONCEICAO,4205407,4,26,Desafiante (2º-5º local),619.2287804878049,41.0,5.0,169.0,0.7633,Florianópolis,SC,88015140,RUA SAO FRANCISCO,148,Centro,Rua São Francisco,
35134259,CENTRO EDUCACIONAL OBJETIVO UNIDADE AQUARIUS,3549904,4,22,Desafiante (2º-5º local),618.8133333333333,47.0,5.0,151.0,0.7617,São José dos Campos,SP,12242014,RODRIGO REIS TUY,1200,Jardim Serimbura,Avenida Rodrigo Reis Tuy,
35004369,COLEGIO PLANCK,3549904,5,22,Desafiante (2º-5º local),705.8138636363636,88.0,3.0,307.0,0.7436,São José dos Campos,SP,12240540,CASSIANO RICARDO,1963,Jardim Alvorada,Avenida Cassiano Ricardo,
42103894,COLEGIO VILA OLIMPIA,4205407,5,26,Desafiante (2º-5º local),640.3953846153846,13.0,4.0,70.0,0.7362,Florianópolis,SC,88053701,RODOVIA JORNALISTA MAURICIO SIROTSKI SOBRINHO,5033,Jurerê,Rodovia Jornalista Maurício Sirotsky Sobrinho,
53020570,COL PODION ENS FUND E MEDIO,5300108,1,101,Líder local,743.7908333333334,184.0,5.0,517.0,0.9508,Brasília,DF,70790131,SGAN 913 MODULO A,SN,Asa Norte,Quadra SGAN 913 Módulo A,
26189569,COLEGIO COGNITIVO,2611606,1,70,Líder local,736.5988571428571,70.0,5.0,305.0,0.9504,Recife,PE,51160330,ANTONIO TORRES GALVAO,283,Imbiribeira,Avenida Antônio Torres Galvão,
33055866,COLEGIO MARILIA MATTOSO,3303302,1,38,Líder local,728.492,10.0,5.0,80.0,0.9488,Niterói,RJ,24210230,RUA JOSE BONIFACIO,39,São Domingos,Rua José Bonifácio,
31004651,COLEGIO SANTO AGOSTINHO,3106200,1,88,Líder local,721.6742675159236,314.0,5.0,1070.0,0.9473,Belo Horizonte,MG,30180007,AMAZONAS,1803,Santo Agostinho,Avenida Amazonas,
35805555,EMBRAER JUAREZ WANDERLEY COLEGIO,3549904,1,22,Líder local,715.7219607843138,153.0,5.0,475.0,0.9453,São José dos Campos,SP,12247611,FRANCISCO VITOR CESAR LEITE,9800,Residencial Galo Branco,Avenida Francisco Vitor César Leite,
32041152,ESCOLA SAO DOMINGOS,3205309,1,16,Líder local,712.7585585585585,74.0,5.0,256.0,0.9439,Vitória,ES,29050680,FRANCISCO RUBIM,428,Bento Ferreira,Rua Francisco Rubim,
35449003,FAAP RIBEIRAO PRETO COLEGIO,3543402,1,34,Líder local,701.7197027600849,157.0,5.0,484.0,0.9391,Ribeirão Preto,SP,14026290,MARCELLO SARTI,99/100,Residencial Flórida,Rua Marcello Sarti,
43173330,COL JOAO PAULO I - UNIDADE SUL,4314902,1,45,Líder local,697.0964705882352,34.0,5.0,163.0,0.9368,Porto Alegre,RS,91760630,PEDRA REDONDA,400,Jardim Isabel,Travessa Pedra Redonda,
52103137,COLEGIO ARENA,5208707,1,63,Líder local,695.3573529411765,340.0,5.0,1403.0,0.9349,Goiânia,GO,74210240,T 3,,Setor Bueno,Avenida T 3,
42133114,COLEGIO DA LAGOA,4205407,1,26,Líder local,643.13,16.0,5.0,61.0,0.8467,Florianópolis,SC,88062210,HYPOLITO DO VALLE PEREIRA,121,Lagoa da Conceição,Largo Hippólito do Valle Pereira,
31005975,INSTITUTO CORACAO DE JESUS,3106200,6,88,Outras posições,678.9444444444445,27.0,5.0,84.0,0.9209,Belo Horizonte,MG,30421185,OLINDA,206,Nova Suíssa,Rua Olinda,
31004138,COLEGIO ARNALDO - UNIDADE ANCHIETA,3106200,7,88,Outras posições,671.7014285714286,14.0,5.0,44.0,0.9118,Belo Horizonte,MG,30310360,VITORIO MARCOLA,360,Anchieta,Rua Vitório Marcola,
31007111,COLEGIO SAGRADO CORACAO DE JESUS,3106200,8,88,Outras posições,670.2414814814815,54.0,5.0,206.0,0.9103,Belo Horizonte,MG,30150370,PROFESSOR MORAES,363,Savassi,Rua Professor Moraes,
31294110,COLEGIO BURITIS AGOSTINIANO,3106200,9,88,Outras posições,669.0050666666667,25.0,5.0,90.0,0.9084,Belo Horizonte,MG,30493180,JOSE HEMETERIO ANDRADE,850,Buritis,Rua José Hemetério Andrade,
53009428,COL COC LAGO NORTE,5300108,6,101,Outras posições,667.4441666666667,12.0,5.0,47.0,0.9057,Brasília,DF,71515205,SHIN QL 9,S/N,Setor de Habitações Individuais Norte,Quadra SHIN QL 9,
32040210,ESCOLA CRESCER,3205309,6,16,Outras posições,665.603076923077,13.0,5.0,50.0,0.9022,Vitória,ES,29055642,RIO BRANCO,1805,Praia do Canto,Avenida Rio Branco,
31006513,COLEGIO NOSSA SENHORA DA PIEDADE,3106200,10,88,Outras posições,661.2614285714286,28.0,5.0,84.0,0.8946,Belo Horizonte,MG,30411315,MONSENHOR DOMINGOS PINHEIRO,35,Calafate,Rua Monsenhor Domingos Pinheiro,
43104983,COLEGIO ISRAELITA BRASILEIRO,4314902,6,45,Outras posições,661.2070731707317,41.0,5.0,175.0,0.8944,Porto Alegre,RS,90630165,PROTASIO ALVES,,Santa Cecília,Avenida Protásio Alves,
31007153,ESCOLA SEB UNIDADE SERRA,3106200,11,88,Outras posições,661.0757575757576,11.0,5.0,38.0,0.8943,Belo Horizonte,MG,30220060,PROFESSOR ESTEVAO PINTO,400,Serra,Rua Professor Estevão Pinto,
31004111,COLEGIO SAO JOSE DE ENSINO FUNDAMENTAL E MEDIO,3106200,12,88,Outras posições,659.145,20.0,5.0,70.0,0.8901,Belo Horizonte,MG,31015178,BUENO BRANDAO,151,Floresta,Rua Bueno Brandão,
43105017,COL NOSSA SENHORA DO BOM CONSELHO,4314902,7,45,Outras posições,658.6786666666667,45.0,5.0,163.0,0.8892,Porto Alegre,RS,90560032,RAMIRO BARCELOS,996,Moinhos de Vento,Rua Ramiro Barcelos,
32040083,COLEGIO SALESIANO N S DA VITORIA,3205309,7,16,Outras posições,657.89,30.0,5.0,155.0,0.8867,Vitória,ES,29017950,"AVENIDA VITORIA, 950",950,Forte São João,Avenida Vitória,
53013875,COL SERIOS,5300108,7,101,Outras posições,655.1514285714286,14.0,5.0,50.0,0.8803,Brasília,DF,70390020,SGAS 902,75,Asa Sul,Quadra SGAS 902,
43105670,COLEGIO SINODAL DO SALVADOR,4314902,8,45,Outras posições,654.5282608695652,46.0,5.0,185.0,0.8787,Porto Alegre,RS,91370050,MATHILDE TREIN RENNER,55,Vila Ipiranga,Avenida Mathilde Trein Renner,
52104532,COLEGIO FAMILIA DE NAZARE,5208707,6,63,Outras posições,652.9418181818181,11.0,5.0,45.0,0.8745,Goiânia,GO,74415410,PENA CHAVES,,Vila Nova Canaã,Rua Pena Chaves,
53009940,COL PRESBITERIANO MACKENZIE - BRASILIA,5300108,8,101,Outras posições,651.1682539682539,63.0,5.0,275.0,0.8694,Brasília,DF,71600610,SHIS QI 5 CHACARAS 74 A 79,74,Setor de Habitações Individuais Sul,Quadra SHIS QI 5 Chácaras 74 a 79,
52097587,COLEGIO ATRIO,5208707,7,63,Outras posições,650.807037037037,72.0,5.0,374.0,0.8685,Goiânia,GO,74210240,T 3,2352,Setor Bueno,Avenida T 3,
31365874,ESCOLA EDUCAR - ENSINO MEDIO,3106200,13,88,Outras posições,650.4177777777778,18.0,5.0,71.0,0.8674,Belo Horizonte,MG,30882370,SERRANA,511,Serrano,Avenida Serrana,
26124220,COLEGIO SANTA MARIA,2611606,6,70,Outras posições,647.6229268292683,82.0,5.0,328.0,0.8599,Recife,PE,51020210,PADRE BERNARDINO PESSOA,512,Boa Viagem,Rua Padre Bernardino Pessoa,
26137631,COLEGIO NUCLEO,2611606,7,70,Outras posições,728.8309803921569,153.0,4.0,496.0,0.8487,Recife,PE,52050000,RUI BARBOSA,1680,Graças,Avenida Rui Barbosa,
53056000,COL OLIMPO,5300108,9,101,Outras posições,727.3460805860806,91.0,4.0,342.0,0.848,Brasília,DF,70390130,SGAS 913,A,Asa Sul,Quadra SGAS 913,
31004278,ESCOLA SANTO TOMAS DE AQUINO,3106200,14,88,Outras posições,642.9140350877193,38.0,5.0,136.0,0.8458,Belo Horizonte,MG,30350340,PROFESSOR CANDIDO HOLANDA,165,São Bento,Avenida Professor Cândido Holanda,
53015789,COLEGIO OLIMPO AGUAS CLARAS,5300108,10,101,Outras posições,716.0402666666666,75.0,4.0,329.0,0.8454,Brasília,DF,71938000,7 SUL LOJAS 4-5-6 E 7 SALAS 101-102-201 A 207 301-307,LOTE 04,Sul (Águas Claras),Rua 7,
32077610,UP CENTRO EDUCACIONAL,3205309,8,16,Outras posições,642.6699421965318,173.0,5.0,450.0,0.8452,Vitória,ES,29062030,AVENIDA SATURNINO RANGEL MAURO,1271,Pontal de Camburi,Avenida Saturnino Rangel Mauro,
52096785,COLEGIO OLIMPO GOIANIA,5208707,8,63,Outras posições,712.3107103825137,61.0,4.0,215.0,0.8435,Goiânia,GO,74215030,T 27,1374,Setor Bueno,Rua T 27,
43108423,COLEGIO PROVINCIA DE SAO PEDRO,4314902,9,45,Outras posições,641.7426086956522,46.0,5.0,177.0,0.8428,Porto Alegre,RS,91340400,MARECHAL ANDREA,345,Boa Vista,Avenida Marechal Andréa,
31004731,COLEGIO MAGNUM AGOSTINIANO,3106200,15,88,Outras posições,707.41625,160.0,4.0,470.0,0.8412,Belo Horizonte,MG,31140360,SAO GONCALO,1364,Nova Floresta,Rua São Gonçalo,
53012860,COL GALOIS,5300108,11,101,Outras posições,700.4555115511552,101.0,4.0,358.0,0.8382,Brasília,DF,70200610,SGAS 601,601,Asa Sul,Quadra SGAS 601,
53012941,COLEGIO CIMAN,5300108,12,101,Outras posições,640.6300483091787,69.0,5.0,271.0,0.8378,Brasília,DF,70660645,AREA ESPECIAL 1/4,,Área Octogonal,Área Área Especial 1/4,
31246450,ESCOLA SESI GENERAL ONESIMO BECKER DE ARAUJO,3106200,16,88,Outras posições,640.192,50.0,5.0,215.0,0.835,Belo Horizonte,MG,30660630,MADRE PAULINA,126,Diamante (Barreiro),Rua Madre Paulina,
26194236,COLEGIO SABER VIVER - UNIDADE III,2611606,8,70,Outras posições,694.746923076923,26.0,4.0,147.0,0.8342,Recife,PE,52021180,JOAO DE BARROS,1593,Espinheiro,Avenida João de Barros,
26122090,COLEGIO PRESBITERIANO AGNES ERSKINE,2611606,9,70,Outras posições,639.6625490196079,68.0,5.0,236.0,0.8334,Recife,PE,52011040,RUI BARBOSA,704,Graças,Avenida Rui Barbosa,
53001087,C EDUCACIONAL LEONARDO DA VINCI,5300108,13,101,Outras posições,688.4783647798743,159.0,4.0,472.0,0.8292,Brasília,DF,70390039,SEPS 703/903,,Asa Sul,Quadra SEPS 703/903,
53001095,C EDUCACIONAL LEONARDO DA VINCI - UNID NORTE,5300108,14,101,Outras posições,688.0769306930694,202.0,4.0,690.0,0.8289,Brasília,DF,70790140,SGAN 914,0,Asa Norte,Quadra SGAN 914,
53009592,COL NOSSA SENHORA DO PERPETUO SOCORRO,5300108,15,101,Outras posições,637.785,16.0,5.0,96.0,0.8279,Brasília,DF,71620060,SHIS QL 6,1,Setor de Habitações Individuais Sul,Quadra SHIS QL 6,
52083888,COLEGIO PROTAGORAS,5208707,9,63,Outras posições,637.6391666666667,168.0,5.0,512.0,0.8275,Goiânia,GO,74140020,PORTUGAL,990,Setor Oeste,Avenida Portugal,
43105149,COLEGIO BOM JESUS SEVIGNE,4314902,10,45,Outras posições,636.7216666666667,16.0,5.0,95.0,0.8246,Porto Alegre,RS,90010283,RUA DUQUE DE CAXIAS,1475,Centro Histórico,Rua Duque de Caxias,
31007498,COLEGIO FRANCISCANO CORACAO DE MARIA,3106200,17,88,Outras posições,636.2830769230769,26.0,5.0,89.0,0.8224,Belo Horizonte,MG,31535510,DESEMBARGADOR ONOFRE MENDES JUNIOR,63,São João Batista (Venda Nova),Rua Desembargador Onofre Mendes Júnior,
31004171,COLEGIO NOSSA SENHORA DAS DORES,3106200,18,88,Outras posições,636.1278947368421,38.0,5.0,108.0,0.8219,Belo Horizonte,MG,30150220,FRANCISCO SALES,77,Floresta,Avenida Francisco Sales,
43238203,COLEGIO JOAO PAULO,4314902,11,45,Outras posições,680.4651282051282,39.0,4.0,131.0,0.8216,Porto Alegre,RS,90550060,FILADELFIA,314,São João,Rua Filadélfia,
26117584,COLEGIO APOIO,2611606,10,70,Outras posições,679.5319999999999,40.0,4.0,107.0,0.8211,Recife,PE,52051440,CONSELHEIRO NABUCO,44,Casa Amarela,Rua Conselheiro Nabuco,
31006424,COLEGIO FRANCISCANO SAGRADA FAMILIA,3106200,19,88,Outras posições,635.8399999999999,55.0,5.0,191.0,0.8211,Belo Horizonte,MG,31230000,PRESIDENTE CARLOS LUZ,735,Caiçaras,Avenida Presidente Carlos Luz,
43203876,COLEGIO GABARITO ZONA NORTE,4314902,12,45,Outras posições,635.0711111111111,36.0,5.0,125.0,0.8187,Porto Alegre,RS,91110000,ASSIS BRASIL,4320,São Sebastião,Avenida Assis Brasil,
31385433,COLEGIO DETERMINANTE,3106200,20,88,Outras posições,677.4993333333333,30.0,4.0,99.0,0.818,Belo Horizonte,MG,30140131,RUA TOME DE SOUZA,701,Savassi,Rua Tomé de Souza,
43109330,SISTEMA EDUCACIONAL BOA VISTA,4314902,13,45,Outras posições,634.74,46.0,5.0,146.0,0.8167,Porto Alegre,RS,91340430,QUATORZE DE JULHO,687,Boa Vista,Rua Quatorze de Julho,
32041373,SOCIEDADE CULTURAL MONTEIRO LOBATO CEMS,3205309,9,16,Outras posições,634.2954545454545,22.0,5.0,65.0,0.8152,Vitória,ES,29050260,ENGENHEIRO GUILHERME JOSE MONJARDIM VAREJAO,20,Enseada do Suá,Rua Engenheiro Guilherme José Monjardim Varejão,
52091384,COLEGIO DEGRAUS,5208707,10,63,Outras posições,674.0981818181818,22.0,4.0,122.0,0.8141,Goiânia,GO,74303380,C97,309,Setor Sudoeste,Rua C97,
33055920,COLEGIO MV I ICARAI,3303302,6,38,Outras posições,633.487037037037,54.0,5.0,178.0,0.8122,Niterói,RJ,24230103,GAVIAO PEIXOTO,390,Icaraí,Rua Gavião Peixoto,
53005910,INST SAO JOSE,5300108,16,101,Outras posições,633.3026923076923,52.0,5.0,207.0,0.8115,Brasília,DF,73025040,QUADRA 4,01,Sobradinho,Quadra 4,
53001192,C EDUCACIONAL SAGRADA FAMILIA,5300108,17,101,Outras posições,632.9286956521739,23.0,5.0,97.0,0.8104,Brasília,DF,70790060,SGAN 906,,Asa Norte,Quadra SGAN 906,
26118262,COLEGIO VISAO,2611606,11,70,Outras posições,631.8330092592593,144.0,5.0,470.0,0.8072,Recife,PE,50771600,DOUTOR JOSE RUFINO,241,Jiquiá,Avenida Doutor José Rufino,
43105106,COL LA SALLE SAO JOAO,4314902,14,45,Outras posições,630.2153086419753,54.0,5.0,200.0,0.8021,Porto Alegre,RS,90550150,HONORIO SILVEIRA DIAS,645,São João,Rua Honório Silveira Dias,
26160307,COLEGIO MOTIVO,2611606,12,70,Outras posições,629.688,80.0,5.0,294.0,0.8004,Recife,PE,51160180,TENENTE MANOEL BARBOSA,32,Imbiribeira,Rua Tenente Manoel Barbosa,
35186429,EINSTEIN COLEGIO,3543402,6,34,Outras posições,663.7739233038349,113.0,4.0,459.0,0.7983,Ribeirão Preto,SP,14026040,BRAZ OLAIA ACOSTA,1380,Jardim Califórnia,Avenida Braz Olaia Acosta,
31374555,COLEGUIUM - INTERNACIONAL CIDADE NOVA,3106200,21,88,Outras posições,659.3384,25.0,4.0,100.0,0.7906,Belo Horizonte,MG,31160284,ENGENHEIRO BERNARDO SAYAO,280,União,Rua Engenheiro Bernardo Sayão,
53020057,ESC SEB AZ BRASILIA,5300108,18,101,Outras posições,626.4049382716049,81.0,5.0,225.0,0.789,Brasília,DF,70390140,SGAS 914,SN,Asa Sul,Quadra SGAS 914,
52092488,CENTRO EDUC SESC CIDADANIA ELIAS BUFAICAL NETO,5208707,11,63,Outras posições,625.1661224489795,147.0,5.0,503.0,0.7841,Goiânia,GO,74270030,C197,812,Jardim América,Avenida C197,
31290157,COL CHROMOS PAMPULHA,3106200,22,88,Outras posições,656.5686666666667,90.0,4.0,549.0,0.7835,Belo Horizonte,MG,31275010,LEOPOLDINO DOS PASSOS,156,São José,Rua Leopoldino dos Passos,
26117991,COLEGIO BOA VIAGEM LTDA,2611606,13,70,Outras posições,624.5098290598291,78.0,5.0,266.0,0.7818,Recife,PE,51020170,PROFESSOR EDUARDO WANDERLEY FILHO,539,Boa Viagem,Rua Professor Eduardo Wanderley Filho,
35118503,ALBERT SABIN ESCOLA DE ENSINO MEDIO,3543402,7,34,Outras posições,655.1941002949852,113.0,4.0,368.0,0.7803,Ribeirão Preto,SP,14026240,JOSE CURVELO DA SILVEIRA JUNIOR,110,Vila Ana Maria,Rua José Curvelo da Silveira Júnior,
53011872,ESCOLA MAPLE BEAR BRASILIA,5300108,19,101,Outras posições,624.1781818181818,11.0,5.0,38.0,0.7803,Brasília,DF,70673350,EQSW 303/304,,Setor Sudoeste,Quadra EQSW 303/304,
52038149,INSTITUTO PRESBITERIANO DE EDUCACAO,5208707,12,63,Outras posições,623.7584397163121,47.0,5.0,164.0,0.7791,Goiânia,GO,74210045,T 1,413,Setor Bueno,Avenida T 1,
53015010,ESCOLA CANADENSE DE BRASILIA,5300108,20,101,Outras posições,654.8383333333333,12.0,4.0,94.0,0.7787,Brasília,DF,70610480,SIG QUADRA 8,2225,Zona Industrial,Quadra SIG Quadra 8,
31005088,COLEGUIUM - UNIDADE INTERNACIONAL BELVEDERE,3106200,23,88,Outras posições,622.1304761904763,14.0,5.0,52.0,0.7746,Belo Horizonte,MG,30320400,CELSO PORFIRIO MACHADO,1650,Belvedere,Avenida Celso Porfírio Machado,
53019393,COL EVEREST BRASILIA II,5300108,21,101,Outras posições,652.0921637426901,57.0,4.0,185.0,0.772,Brasília,DF,71645600,SHIS QI 17 AREA ESPECIAL S/N,,Setor de Habitações Individuais Sul,Quadra SHIS QI 17 Área Especial,
43105084,COL LA SALLE SANTO ANTONIO,4314902,15,45,Outras posições,651.700594059406,101.0,4.0,376.0,0.7704,Porto Alegre,RS,90620150,LUIZ DE CAMOES,372,Santo Antônio,Rua Luiz de Camões,
31004430,ESCOLA SESI NEWTON ANTONIO DA SILVA PEREIRA,3106200,24,88,Outras posições,651.4364912280702,57.0,4.0,180.0,0.7697,Belo Horizonte,MG,31910130,AIURUOCA,539,São Paulo,Rua Aiuruoca,
53032012,COL BARAO DO RIO BRANCO,5300108,22,101,Outras posições,619.9488888888889,15.0,5.0,61.0,0.766,Brasília,DF,73255904,"RODOVIA DF-250, KM 2,5",03,Região dos Lagos (Sobradinho),Rodovia DF-250,
52091295,COLEGIO EXPOVEST,5208707,13,63,Outras posições,619.767288888889,75.0,5.0,224.0,0.765,Goiânia,GO,74333150,AMELIO,110,Jardim Planalto,Rua Amélio,
52103161,COLEGIO INTEGRADO UNIDADE AREIAO,5208707,14,63,Outras posições,618.6409523809524,42.0,5.0,173.0,0.7609,Goiânia,GO,74180180,1139,323,Setor Marista,Rua 1139,
43105025,COLEGIO NOSSA SRA DA GLORIA,4314902,16,45,Outras posições,618.2495555555556,30.0,5.0,138.0,0.7589,Porto Alegre,RS,91710000,PROFESSOR OSCAR PEREIRA,3052,Glória,Avenida Professor Oscar Pereira,
31362417,COLEGIO COPBH - UNIDADE II,3106200,25,88,Outras posições,618.0028571428572,14.0,5.0,82.0,0.7579,Belo Horizonte,MG,31340000,SENA MADUREIRA,455,Ouro Preto,Rua Sena Madureira,
53007190,COL LA SALLE,5300108,23,101,Outras posições,616.924347826087,46.0,5.0,174.0,0.7547,Brasília,DF,71710575,CENTRAL AREA ESPECIAL 11,11,Núcleo Bandeirante,Avenida Central Área Especial 11,
43109152,COLEGIO MURIALDO,4314902,17,45,Outras posições,616.9207407407407,45.0,5.0,161.0,0.7545,Porto Alegre,RS,91520480,VIDAL DE NEGREIROS,417,Vila São José,Rua Vidal de Negreiros,
35132925,ESCOLA SEB UNIDADE LAFAIETE,3543402,8,34,Outras posições,644.9163018867924,265.0,4.0,292.0,0.7532,Ribeirão Preto,SP,14015080,LAFAIETE,261,Centro,Rua Lafaiete,
43219535,COLEGIO ANGLO PORTO ALEGRE,4314902,18,45,Outras posições,616.3385714285714,14.0,5.0,79.0,0.7525,Porto Alegre,RS,90480003,AVENIDA CARLOS GOMES,465,Auxiliadora,Avenida Carlos Gomes,
52068986,COLEGIO WR,5208707,15,63,Outras posições,717.7649751243781,201.0,3.0,823.0,0.749,Goiânia,GO,74215040,T 28,1813,Setor Bueno,Rua T 28,
26127580,COLEGIO CONHECER,2611606,14,70,Outras posições,614.6366666666667,12.0,5.0,56.0,0.7464,Recife,PE,50740010,ZEZITO COSTA REGO,130,Várzea,Rua Zezito Costa Rego,
32083882,ESCOLA MADAN,3205309,10,16,Outras posições,711.2780769230769,52.0,3.0,184.0,0.7459,Vitória,ES,29055290,FORTUNATO RAMOS,426,Praia do Canto,Rua Fortunato Ramos,
26187353,COLEGIO NUCLEO - BOA VIAGEM,2611606,15,70,Outras posições,710.4405555555555,72.0,3.0,266.0,0.7455,Recife,PE,51020030,ENGENHEIRO DOMINGOS FERREIRA,2142,Boa Viagem,Avenida Engenheiro Domingos Ferreira,
31379816,ESCOLA SESI BH HORTO,3106200,26,88,Outras posições,641.8383870967742,93.0,4.0,241.0,0.7427,Belo Horizonte,MG,31035295,SANTO AGOSTINHO,1717,Horto Florestal,Rua Santo Agostinho,
26163039,COLEGIO GGE,2611606,16,70,Outras posições,702.6117482517482,143.0,3.0,500.0,0.742,Recife,PE,51150430,JOSE DA SILVA LUCENA,20,Imbiribeira,Rua José da Silva Lucena,
31379832,COLEGIO DONA CLARA - UNIDADE 2,3106200,27,88,Outras posições,641.1690322580646,62.0,4.0,194.0,0.7397,Belo Horizonte,MG,31260000,SEBASTIAO DE BRITO,780,Dona Clara,Avenida Sebastião de Brito,
52101363,COPE - COLEGIO PREPARAENEM,5208707,16,63,Outras posições,693.3356882255389,201.0,3.0,682.0,0.7359,Goiânia,GO,74150240,36,149,Setor Marista,Rua 36,
31004499,COLEGIO NOSSA SENHORA DO MONTE CALVARIO,3106200,28,88,Outras posições,612.0717647058824,17.0,5.0,57.0,0.7347,Belo Horizonte,MG,30110064,DO CONTORNO,9384,Barro Preto,Avenida do Contorno,
33179999,LME 542 EMPREENDIMENTOS EDUCACIONAIS SS LTDA,3303302,7,38,Outras posições,692.2862222222222,45.0,3.0,169.0,0.7347,Niterói,RJ,24346160,REPORTER CEZAR DONADEL,26,Itaipu,Rua Repórter Cézar Donadel,
35175572,POLIEDRO COLEGIO,3549904,6,22,Outras posições,689.8837242128122,307.0,3.0,1009.0,0.7334,São José dos Campos,SP,12242500,MARIA DEMETRIA KFURI IRMA,700,Jardim Esplanada,Rua Irmã Maria Demetria Kfuri,
53001400,COL SANTA DOROTEIA,5300108,24,101,Outras posições,611.6154545454546,22.0,5.0,86.0,0.7333,Brasília,DF,70790110,SGAN 911,,Asa Norte,Quadra SGAN 911,
43172423,COLEGIO LEONARDO DA VINCI-ALFA,4314902,19,45,Outras posições,688.7002051282052,65.0,3.0,218.0,0.7324,Porto Alegre,RS,90420060,CORONEL JOAQUIM PEDRO SALGADO,80,Rio Branco,Rua Coronel Joaquim Pedro Salgado,
53016726,UNICO EDUCACIONAL,5300108,25,101,Outras posições,687.862625,320.0,3.0,885.0,0.7314,Brasília,DF,70200660,SGAS 606,,Asa Sul,Quadra SGAS 606,
31005134,COLEGIO SAO PAULO,3106200,29,88,Outras posições,610.6386666666666,15.0,5.0,100.0,0.729,Belo Horizonte,MG,30380060,EDUARDO PORTO,488,Cidade Jardim,Rua Eduardo Porto,
31369977,COL CHROMOS BARREIRO,3106200,30,88,Outras posições,637.5576119402986,67.0,4.0,412.0,0.727,Belo Horizonte,MG,30640490,BOAVENTURA COSTA,463,Barreiro,Rua Boaventura Costa,
31006629,CENTRO EDUCACIONAL MINEIRO,3106200,31,88,Outras posições,609.851282051282,39.0,5.0,158.0,0.7253,Belo Horizonte,MG,30881310,EUFRATES,4020,São Salvador,Rua Eufrates,
26121484,COLEGIO SALESIANO SAGRADO CORACAO,2611606,17,70,Outras posições,609.8295238095238,63.0,5.0,196.0,0.7251,Recife,PE,50070070,DOM BOSCO,551,Boa Vista,Rua Dom Bosco,
31314749,COLEGIO ALUMNUS,3106200,32,88,Outras posições,680.132,10.0,3.0,48.0,0.7242,Belo Horizonte,MG,31910520,JOAQUIM JOSE DINIZ,519,Fernão Dias,Avenida Joaquim José Diniz,
53038002,C DE ENS MEDIO DELTA,5300108,26,101,Outras posições,636.4544000000001,50.0,4.0,193.0,0.7228,Brasília,DF,73350106,QUADRA 1 CONJUNTO F,21,Setor Residencial Leste (Planaltina),Quadra 1 Conjunto F,
33170096,INSTITUTO MAIA VINAGRE FUNDAMENTAL,3303302,8,38,Outras posições,609.0226086956521,23.0,5.0,64.0,0.7215,Niterói,RJ,24240004,NEWTON PRADO,65,Santa Rosa,Rua Newton Prado,
32039999,CE AGOSTINIANO,3205309,11,16,Outras posições,608.5370370370371,27.0,5.0,80.0,0.7197,Vitória,ES,29010570,THIERS VELLOSO,125,Centro,Rua Thiers Velloso,
26190451,COLEGIO GGE,2611606,18,70,Outras posições,676.2941158059468,213.0,3.0,586.0,0.719,Recife,PE,52060145,DESEMBARGADOR GOIS CAVALCANTE,460,Parnamirim,Rua Desembargador Góis Cavalcante,
31005185,ESCOLA SESI EMILIA MASSANTI,3106200,33,88,Outras posições,635.2032558139535,43.0,4.0,129.0,0.7189,Belo Horizonte,MG,30518300,ALBERT SCHARLE,05,Madre Gertrudes,Rua Albert Scharle,
26152630,GGE VESTIBULARES,2611606,19,70,Outras posições,675.9902040816326,49.0,3.0,259.0,0.7187,Recife,PE,50720001,BENFICA,286/314,Madalena,Rua Benfica,
31220353,ESCOLA SESI BELO HORIZONTE SAO JOAO BATISTA,3106200,34,88,Outras posições,635.0115789473684,19.0,4.0,109.0,0.7178,Belo Horizonte,MG,31515215,MOACYR FROES,83,São João Batista (Venda Nova),Rua Moacyr Froes,
52097676,COLEGIO SIMBIOS,5208707,17,63,Outras posições,674.4309186351707,127.0,3.0,428.0,0.7174,Goiânia,GO,74215220,T 52,749,Setor Bueno,Rua T 52,
53005457,CENTRO DE ENSINO SANTA RITA DE CASSIA,5300108,27,101,Outras posições,634.6458536585366,41.0,4.0,155.0,0.7158,Brasília,DF,73035090,QUADRA 9,02,Sobradinho,Quadra 9,
52033090,COLEGIO SHALLON - UNIDADE I,5208707,18,63,Outras posições,634.2165,40.0,4.0,162.0,0.7145,Goiânia,GO,74565080,FORTALEZA,261,Setor Urias Magalhães,Rua Fortaleza,
32078510,UP CENTRO EDUCACIONAL,3205309,12,16,Outras posições,633.9714373088685,109.0,4.0,391.0,0.7136,Vitória,ES,29090720,JUDITH LEAO CASTELLO RIBEIRO,425,Jardim Camburi,Avenida Judith Leão Castello Ribeiro,
53018273,COL IDEAL UNIDADE JARDIM BOTANICO,5300108,28,101,Outras posições,633.528,15.0,4.0,83.0,0.7122,Brasília,DF,71680370,QUINTAS DO SOL,05,Setor Habitacional Jardim Botânico,Condomínio Quintas do Sol,
31005673,COLEGIO FREDERICO OZANAM,3106200,35,88,Outras posições,606.31,18.0,5.0,79.0,0.712,Belo Horizonte,MG,31060210,JERONIMO MONTEIRO,48,Boa Vista,Rua Jerônimo Monteiro,
31368342,COLEGUIUM - UNIDADE INTERNACIONAL BURITIS,3106200,36,88,Outras posições,633.3839639639639,37.0,4.0,94.0,0.7114,Belo Horizonte,MG,30494225,PAULO PIEDADE CAMPOS,340,Estoril,Rua Paulo Piedade Campos,
31370258,COLEGIO ORLEANS E BRAGANCA,3106200,37,88,Outras posições,606.094,10.0,5.0,104.0,0.7103,Belo Horizonte,MG,30315382,DOS BANDEIRANTES,800,Comiteco,Avenida dos Bandeirantes,
52032973,COLEGIO GOIANIENSE ADVENTISTA,5208707,19,63,Outras posições,605.14,44.0,5.0,142.0,0.7075,Goiânia,GO,74670020,CAPISTABOS,1.345,Santa Genoveva,Rua Capistabos,
52290352,COLEGIO EINSTEIN,5208707,20,63,Outras posições,604.78,25.0,5.0,130.0,0.7062,Goiânia,GO,74230200,C235A,,Setor Bueno,Rua C235A,
31004162,COLEGIO NOEME CAMPOS,3106200,38,88,Outras posições,631.4526666666667,30.0,4.0,68.0,0.7058,Belo Horizonte,MG,31840050,FURQUIM WERNECK,94,Tupi A,Rua Furquim Werneck,
52033112,COLEGIO MAIS ANIMA,5208707,21,63,Outras posições,631.1466666666666,20.0,4.0,71.0,0.7044,Goiânia,GO,74573120,AMETISTA,104,Jardim Diamantina,Rua Ametista,
35004304,ESCOLA CONCEPT,3543402,9,34,Outras posições,665.0138461538462,13.0,3.0,59.0,0.7036,Ribeirão Preto,SP,14027250,LUIZ EDUARDO TOLEDO PRADO,2675,Vila do Golfe,Avenida Luiz Eduardo Toledo Prado,
31244023,ESCOLA DO SEBRAE,3106200,39,88,Outras posições,630.6624712643678,116.0,4.0,649.0,0.7028,Belo Horizonte,MG,30431265,MARIA MACEDO,998,Nova Granada,Rua Maria Macedo,
31358541,COLEGUIUM - UNIDADE CARLOS PRATES,3106200,40,88,Outras posições,629.9794285714286,35.0,4.0,106.0,0.7009,Belo Horizonte,MG,30710320,ESPINOSA,646,Carlos Prates,Rua Espinosa,
